sample_id	contig_id	start	end	strand	gene	product	drug_class	category	tool	evidence	identity	coverage	source_file
SRR11038083	contig_1	1	5370	+	contig_1	contig_1		region	bakta				/root/autodl-tmp/abi-real-data/results/metagenomic_plasmid_srr11038083_codex_20260810_12vcpu_62gb/08_annotation/SRR11038083/final.contigs_plasmid.gff3
SRR11038083	contig_1	25	285	+	relE	Toxin-antitoxin system%2C toxin component%2C RelE family		CDS	bakta	SO:0001217,UniRef:UniRef50_J9GGW3,UniRef:UniRef90_UPI00345BC938			/root/autodl-tmp/abi-real-data/results/metagenomic_plasmid_srr11038083_codex_20260810_12vcpu_62gb/08_annotation/SRR11038083/final.contigs_plasmid.gff3
SRR11038083	contig_1	428	769		HJHHLH_0002	hypothetical protein		CDS	bakta				/root/autodl-tmp/abi-real-data/results/metagenomic_plasmid_srr11038083_codex_20260810_12vcpu_62gb/08_annotation/SRR11038083/final.contigs_plasmid.gff3
SRR11038083	contig_1	1115	1303	+	HJHHLH_0003	hypothetical protein		CDS	bakta	RefSeq:WP_218460151.1,SO:0001217,UniParc:UPI001C439F44,UniRef:UniRef100_UPI001C439F44,UniRef:UniRef50_A0A414UD81,UniRef:UniRef90_A0A414UD81			/root/autodl-tmp/abi-real-data/results/metagenomic_plasmid_srr11038083_codex_20260810_12vcpu_62gb/08_annotation/SRR11038083/final.contigs_plasmid.gff3
SRR11038083	contig_1	1305	2360	+	HJHHLH_0004	Replication initiation protein		CDS	bakta	SO:0001217,UniRef:UniRef50_A0A3R6HCM8,UniRef:UniRef90_A0A3R6HCM8			/root/autodl-tmp/abi-real-data/results/metagenomic_plasmid_srr11038083_codex_20260810_12vcpu_62gb/08_annotation/SRR11038083/final.contigs_plasmid.gff3
SRR11038083	contig_1	2481	3944	+	HJHHLH_0005	MobA/VirD2-like nuclease domain-containing protein		CDS	bakta	SO:0001217,UniRef:UniRef50_A0AA92U6I6,UniRef:UniRef90_A0AA92U6I6			/root/autodl-tmp/abi-real-data/results/metagenomic_plasmid_srr11038083_codex_20260810_12vcpu_62gb/08_annotation/SRR11038083/final.contigs_plasmid.gff3
SRR11038083	contig_1	4093	4647	+	HJHHLH_0006	ORF6N domain-containing protein		CDS	bakta	RefSeq:WP_218460152.1,SO:0001217,UniParc:UPI001C47AE8D,UniRef:UniRef100_UPI001C47AE8D,UniRef:UniRef50_R6Q040,UniRef:UniRef90_UPI001C47AE8D			/root/autodl-tmp/abi-real-data/results/metagenomic_plasmid_srr11038083_codex_20260810_12vcpu_62gb/08_annotation/SRR11038083/final.contigs_plasmid.gff3
SRR11038083	contig_2	1	1316	+	contig_2	contig_2		region	bakta				/root/autodl-tmp/abi-real-data/results/metagenomic_plasmid_srr11038083_codex_20260810_12vcpu_62gb/08_annotation/SRR11038083/final.contigs_plasmid.gff3
SRR11038083	contig_2	538	1041		HJHHLH_0007	Helix-turn-helix type 11 domain-containing protein		CDS	bakta	SO:0001217,UniRef:UniRef50_A0A0H5PZW6,UniRef:UniRef90_A0A0H5PZW6			/root/autodl-tmp/abi-real-data/results/metagenomic_plasmid_srr11038083_codex_20260810_12vcpu_62gb/08_annotation/SRR11038083/final.contigs_plasmid.gff3
SRR11038083	contig_3	1	614	+	contig_3	contig_3		region	bakta				/root/autodl-tmp/abi-real-data/results/metagenomic_plasmid_srr11038083_codex_20260810_12vcpu_62gb/08_annotation/SRR11038083/final.contigs_plasmid.gff3
SRR11038083	contig_4	1	641	+	contig_4	contig_4		region	bakta				/root/autodl-tmp/abi-real-data/results/metagenomic_plasmid_srr11038083_codex_20260810_12vcpu_62gb/08_annotation/SRR11038083/final.contigs_plasmid.gff3
SRR11038083	contig_5	1	1805	+	contig_5	contig_5		region	bakta				/root/autodl-tmp/abi-real-data/results/metagenomic_plasmid_srr11038083_codex_20260810_12vcpu_62gb/08_annotation/SRR11038083/final.contigs_plasmid.gff3
SRR11038083	contig_5	18	737	+	HJHHLH_0008	Replication protein		CDS	bakta	SO:0001217,UniRef:UniRef50_A0A8H9M1M6,UniRef:UniRef90_A0A332KYT6			/root/autodl-tmp/abi-real-data/results/metagenomic_plasmid_srr11038083_codex_20260810_12vcpu_62gb/08_annotation/SRR11038083/final.contigs_plasmid.gff3
SRR11038083	contig_5	764	1201	+	HJHHLH_0009	hypothetical protein		CDS	bakta	SO:0001217,UniRef:UniRef50_A0A0H5PY58,UniRef:UniRef90_A0A0H5PY58			/root/autodl-tmp/abi-real-data/results/metagenomic_plasmid_srr11038083_codex_20260810_12vcpu_62gb/08_annotation/SRR11038083/final.contigs_plasmid.gff3
SRR11038083	contig_5	1083	1532		HJHHLH_0010	hypothetical protein		CDS	bakta				/root/autodl-tmp/abi-real-data/results/metagenomic_plasmid_srr11038083_codex_20260810_12vcpu_62gb/08_annotation/SRR11038083/final.contigs_plasmid.gff3
SRR11038083	contig_6	1	845	+	contig_6	contig_6		region	bakta				/root/autodl-tmp/abi-real-data/results/metagenomic_plasmid_srr11038083_codex_20260810_12vcpu_62gb/08_annotation/SRR11038083/final.contigs_plasmid.gff3
SRR11038083	contig_6	282	557	+	HJHHLH_0011	RNA polymerase sigma factor%2C sigma-70 family		CDS	bakta	SO:0001217,UniRef:UniRef50_A0A1M4T4K5			/root/autodl-tmp/abi-real-data/results/metagenomic_plasmid_srr11038083_codex_20260810_12vcpu_62gb/08_annotation/SRR11038083/final.contigs_plasmid.gff3
SRR11038083	contig_7	1	634	+	contig_7	contig_7		region	bakta				/root/autodl-tmp/abi-real-data/results/metagenomic_plasmid_srr11038083_codex_20260810_12vcpu_62gb/08_annotation/SRR11038083/final.contigs_plasmid.gff3
SRR11038083	contig_7	24	596	+	HJHHLH_0012	MobA/MobL family protein		CDS	bakta	SO:0001217,UniRef:UniRef50_UPI001D02B3A2			/root/autodl-tmp/abi-real-data/results/metagenomic_plasmid_srr11038083_codex_20260810_12vcpu_62gb/08_annotation/SRR11038083/final.contigs_plasmid.gff3
SRR11038083	contig_8	1	423	+	contig_8	contig_8		region	bakta				/root/autodl-tmp/abi-real-data/results/metagenomic_plasmid_srr11038083_codex_20260810_12vcpu_62gb/08_annotation/SRR11038083/final.contigs_plasmid.gff3
SRR11038083	contig_8	49	348		mbpA	mobilization protein MbpA		CDS	bakta	RefSeq:WP_258897738.1,SO:0001217,UniParc:UPI00216438F2,UniRef:UniRef100_UPI0034A29CE5,UniRef:UniRef50_A0A2V2GEE6,UniRef:UniRef90_A0A3R6NZN0			/root/autodl-tmp/abi-real-data/results/metagenomic_plasmid_srr11038083_codex_20260810_12vcpu_62gb/08_annotation/SRR11038083/final.contigs_plasmid.gff3
SRR11038083	contig_9	1	3162	+	contig_9	contig_9		region	bakta				/root/autodl-tmp/abi-real-data/results/metagenomic_plasmid_srr11038083_codex_20260810_12vcpu_62gb/08_annotation/SRR11038083/final.contigs_plasmid.gff3
SRR11038083	contig_9	157	891	+	HJHHLH_0014	hypothetical protein		CDS	bakta				/root/autodl-tmp/abi-real-data/results/metagenomic_plasmid_srr11038083_codex_20260810_12vcpu_62gb/08_annotation/SRR11038083/final.contigs_plasmid.gff3
SRR11038083	contig_9	906	1289	+	HJHHLH_0015	hypothetical protein		CDS	bakta				/root/autodl-tmp/abi-real-data/results/metagenomic_plasmid_srr11038083_codex_20260810_12vcpu_62gb/08_annotation/SRR11038083/final.contigs_plasmid.gff3
SRR11038083	contig_9	1812	2804	+	HJHHLH_0016	hypothetical protein		CDS	bakta				/root/autodl-tmp/abi-real-data/results/metagenomic_plasmid_srr11038083_codex_20260810_12vcpu_62gb/08_annotation/SRR11038083/final.contigs_plasmid.gff3
SRR11038083	contig_10	1	5099	+	contig_10	contig_10		region	bakta				/root/autodl-tmp/abi-real-data/results/metagenomic_plasmid_srr11038083_codex_20260810_12vcpu_62gb/08_annotation/SRR11038083/final.contigs_plasmid.gff3
SRR11038083	contig_10	351	641		brnA	BrnA antitoxin of type II toxin-antitoxin system		CDS	bakta	RefSeq:WP_278878253.1,SO:0001217,UniParc:UPI00065CB007,UniRef:UniRef100_A0A2A2GBT0,UniRef:UniRef50_G9AA42,UniRef:UniRef90_A0A2A2G6X6			/root/autodl-tmp/abi-real-data/results/metagenomic_plasmid_srr11038083_codex_20260810_12vcpu_62gb/08_annotation/SRR11038083/final.contigs_plasmid.gff3
SRR11038083	contig_10	638	886		brnT	BrnT family toxin		CDS	bakta	RefSeq:WP_278878254.1,SO:0001217,UniParc:UPI00065CC74E,UniRef:UniRef100_A0A2W6SQ14,UniRef:UniRef50_A0A068SLX1,UniRef:UniRef90_A0A2A2G6H2			/root/autodl-tmp/abi-real-data/results/metagenomic_plasmid_srr11038083_codex_20260810_12vcpu_62gb/08_annotation/SRR11038083/final.contigs_plasmid.gff3
SRR11038083	contig_10	968	1483	+	HJHHLH_0019	hypothetical protein		CDS	bakta				/root/autodl-tmp/abi-real-data/results/metagenomic_plasmid_srr11038083_codex_20260810_12vcpu_62gb/08_annotation/SRR11038083/final.contigs_plasmid.gff3
SRR11038083	contig_10	1606	2628	+	HJHHLH_0020	Initiator Rep protein WH1 domain-containing protein		CDS	bakta	SO:0001217,UniRef:UniRef50_Q8GI69,UniRef:UniRef90_A0A0H5Q300			/root/autodl-tmp/abi-real-data/results/metagenomic_plasmid_srr11038083_codex_20260810_12vcpu_62gb/08_annotation/SRR11038083/final.contigs_plasmid.gff3
SRR11038083	contig_10	2702	3109	+	HJHHLH_0021	Helix-turn-helix domain-containing protein		CDS	bakta	SO:0001217,UniRef:UniRef50_A0A5C7L8V6,UniRef:UniRef90_A0A0H5Q4P3			/root/autodl-tmp/abi-real-data/results/metagenomic_plasmid_srr11038083_codex_20260810_12vcpu_62gb/08_annotation/SRR11038083/final.contigs_plasmid.gff3
SRR11038083	contig_10	3251	3943		HJHHLH_0022	hypothetical protein		CDS	bakta	PFAM:PF12840.13,PFAM:PF01022.26,PFAM:PF09339.16			/root/autodl-tmp/abi-real-data/results/metagenomic_plasmid_srr11038083_codex_20260810_12vcpu_62gb/08_annotation/SRR11038083/final.contigs_plasmid.gff3
SRR11038083	contig_10	4094	4465		HJHHLH_0023	hypothetical protein		CDS	bakta				/root/autodl-tmp/abi-real-data/results/metagenomic_plasmid_srr11038083_codex_20260810_12vcpu_62gb/08_annotation/SRR11038083/final.contigs_plasmid.gff3
SRR11038083	contig_10	4516	4992	+	lspA	signal peptidase II		CDS	bakta	EC:3.4.23.36,GO:0004190,GO:0005886,GO:0006508,GO:0009306,KEGG:K03101,SO:0001217,UniRef:UniRef50_A0A132BZ68,UniRef:UniRef90_A0A2W6SPE5			/root/autodl-tmp/abi-real-data/results/metagenomic_plasmid_srr11038083_codex_20260810_12vcpu_62gb/08_annotation/SRR11038083/final.contigs_plasmid.gff3
SRR11038083	contig_11	1	4920	+	contig_11	contig_11		region	bakta				/root/autodl-tmp/abi-real-data/results/metagenomic_plasmid_srr11038083_codex_20260810_12vcpu_62gb/08_annotation/SRR11038083/final.contigs_plasmid.gff3
SRR11038083	contig_11	149	328	+	HJHHLH_0025	hypothetical protein		CDS	bakta	SO:0001217,UniParc:UPI0008F8D5FA,UniRef:UniRef100_A0A3R6R681,UniRef:UniRef50_C0CLF0,UniRef:UniRef90_C0CLF0			/root/autodl-tmp/abi-real-data/results/metagenomic_plasmid_srr11038083_codex_20260810_12vcpu_62gb/08_annotation/SRR11038083/final.contigs_plasmid.gff3
SRR11038083	contig_11	332	1861	+	HJHHLH_0026	Replication protein		CDS	bakta	RefSeq:WP_117508232.1,SO:0001217,UniParc:UPI000E42273C,UniRef:UniRef100_A0A926EPV0,UniRef:UniRef50_A0A1Y4L3A8,UniRef:UniRef90_A0A412YRQ1			/root/autodl-tmp/abi-real-data/results/metagenomic_plasmid_srr11038083_codex_20260810_12vcpu_62gb/08_annotation/SRR11038083/final.contigs_plasmid.gff3
SRR11038083	contig_11	2106	2387	+	HJHHLH_0027	Type II toxin-antitoxin system RelB/DinJ family antitoxin		CDS	bakta	KEGG:K07473,RefSeq:WP_005948237.1,SO:0001217,UniParc:UPI0001967FFD,UniRef:UniRef100_A0A416Z741,UniRef:UniRef50_G5ID77,UniRef:UniRef90_A0A6L5TCC1			/root/autodl-tmp/abi-real-data/results/metagenomic_plasmid_srr11038083_codex_20260810_12vcpu_62gb/08_annotation/SRR11038083/final.contigs_plasmid.gff3
SRR11038083	contig_11	2380	2652	+	yafQ	mRNA interferase YafQ		CDS	bakta	EC:3.1.-.-,KEGG:K19157,SO:0001217,UniRef:UniRef50_C9RJS0,UniRef:UniRef90_C0CLE7			/root/autodl-tmp/abi-real-data/results/metagenomic_plasmid_srr11038083_codex_20260810_12vcpu_62gb/08_annotation/SRR11038083/final.contigs_plasmid.gff3
SRR11038083	contig_11	2671	2919	+	HJHHLH_0029	DUF5060 domain-containing protein		CDS	bakta	SO:0001217,UniRef:UniRef50_A0A1Y4HBA1,UniRef:UniRef90_A0A1Y4HBA1			/root/autodl-tmp/abi-real-data/results/metagenomic_plasmid_srr11038083_codex_20260810_12vcpu_62gb/08_annotation/SRR11038083/final.contigs_plasmid.gff3
SRR11038083	contig_11	2916	3449	+	HJHHLH_0030	hypothetical protein		CDS	bakta				/root/autodl-tmp/abi-real-data/results/metagenomic_plasmid_srr11038083_codex_20260810_12vcpu_62gb/08_annotation/SRR11038083/final.contigs_plasmid.gff3
SRR11038083	contig_11	3533	3886	+	HJHHLH_0031	XRE family transcriptional regulator		CDS	bakta	SO:0001217,UniRef:UniRef50_A0A373HMY0,UniRef:UniRef90_A0A417BN06			/root/autodl-tmp/abi-real-data/results/metagenomic_plasmid_srr11038083_codex_20260810_12vcpu_62gb/08_annotation/SRR11038083/final.contigs_plasmid.gff3
SRR11038083	contig_12	1	4042	+	contig_12	contig_12		region	bakta				/root/autodl-tmp/abi-real-data/results/metagenomic_plasmid_srr11038083_codex_20260810_12vcpu_62gb/08_annotation/SRR11038083/final.contigs_plasmid.gff3
SRR11038083	contig_12	119	1204	+	HJHHLH_0032	hypothetical protein		CDS	bakta				/root/autodl-tmp/abi-real-data/results/metagenomic_plasmid_srr11038083_codex_20260810_12vcpu_62gb/08_annotation/SRR11038083/final.contigs_plasmid.gff3
SRR11038083	contig_12	1395	2837	+	HJHHLH_0033	hypothetical protein		CDS	bakta	SO:0001217,UniRef:UniRef50_UPI003567A1B3			/root/autodl-tmp/abi-real-data/results/metagenomic_plasmid_srr11038083_codex_20260810_12vcpu_62gb/08_annotation/SRR11038083/final.contigs_plasmid.gff3
SRR11038083	contig_12	2922	3386	+	HJHHLH_0034	hypothetical protein		CDS	bakta				/root/autodl-tmp/abi-real-data/results/metagenomic_plasmid_srr11038083_codex_20260810_12vcpu_62gb/08_annotation/SRR11038083/final.contigs_plasmid.gff3
SRR11038083	contig_12	3415	3921	+	HJHHLH_0035	hypothetical protein		CDS	bakta				/root/autodl-tmp/abi-real-data/results/metagenomic_plasmid_srr11038083_codex_20260810_12vcpu_62gb/08_annotation/SRR11038083/final.contigs_plasmid.gff3
SRR11038083	contig_13	1	566	+	contig_13	contig_13		region	bakta				/root/autodl-tmp/abi-real-data/results/metagenomic_plasmid_srr11038083_codex_20260810_12vcpu_62gb/08_annotation/SRR11038083/final.contigs_plasmid.gff3
SRR11038083	contig_14	1	820	+	contig_14	contig_14		region	bakta				/root/autodl-tmp/abi-real-data/results/metagenomic_plasmid_srr11038083_codex_20260810_12vcpu_62gb/08_annotation/SRR11038083/final.contigs_plasmid.gff3
SRR11038083	contig_15	1	1497	+	contig_15	contig_15		region	bakta				/root/autodl-tmp/abi-real-data/results/metagenomic_plasmid_srr11038083_codex_20260810_12vcpu_62gb/08_annotation/SRR11038083/final.contigs_plasmid.gff3
SRR11038083	contig_15	25	903	+	HJHHLH_0036	Replication protein		CDS	bakta	SO:0001217,UniRef:UniRef50_A0A3E3I1L8			/root/autodl-tmp/abi-real-data/results/metagenomic_plasmid_srr11038083_codex_20260810_12vcpu_62gb/08_annotation/SRR11038083/final.contigs_plasmid.gff3
SRR11038083	contig_15	1149	1430	+	HJHHLH_0037	Type II toxin-antitoxin system RelB/DinJ family antitoxin		CDS	bakta	KEGG:K07473,RefSeq:WP_005948237.1,SO:0001217,UniParc:UPI0001967FFD,UniRef:UniRef100_A0A416Z741,UniRef:UniRef50_G5ID77,UniRef:UniRef90_A0A6L5TCC1			/root/autodl-tmp/abi-real-data/results/metagenomic_plasmid_srr11038083_codex_20260810_12vcpu_62gb/08_annotation/SRR11038083/final.contigs_plasmid.gff3
SRR11038083	contig_16	1	367	+	contig_16	contig_16		region	bakta				/root/autodl-tmp/abi-real-data/results/metagenomic_plasmid_srr11038083_codex_20260810_12vcpu_62gb/08_annotation/SRR11038083/final.contigs_plasmid.gff3
SRR11038083	contig_17	1	2017	+	contig_17	contig_17		region	bakta				/root/autodl-tmp/abi-real-data/results/metagenomic_plasmid_srr11038083_codex_20260810_12vcpu_62gb/08_annotation/SRR11038083/final.contigs_plasmid.gff3
SRR11038083	contig_17	176	712		repA	RepA protein		CDS	bakta	RefSeq:WP_000288520.1,SO:0001217,UniParc:UPI0002A40BB3,UniRef:UniRef100_A0A0J2DR21,UniRef:UniRef50_A0A0J2DR21,UniRef:UniRef90_A0A0J2DR21			/root/autodl-tmp/abi-real-data/results/metagenomic_plasmid_srr11038083_codex_20260810_12vcpu_62gb/08_annotation/SRR11038083/final.contigs_plasmid.gff3
SRR11038083	contig_17	1626	1904	+	HJHHLH_0039	Rep protein		CDS	bakta	SO:0001217,UniRef:UniRef50_A0A2S8DBD5			/root/autodl-tmp/abi-real-data/results/metagenomic_plasmid_srr11038083_codex_20260810_12vcpu_62gb/08_annotation/SRR11038083/final.contigs_plasmid.gff3
SRR11038083	contig_18	1	853	+	contig_18	contig_18		region	bakta				/root/autodl-tmp/abi-real-data/results/metagenomic_plasmid_srr11038083_codex_20260810_12vcpu_62gb/08_annotation/SRR11038083/final.contigs_plasmid.gff3
SRR11038083	contig_18	352	849		HJHHLH_0040	Replication protein		CDS	bakta	SO:0001217,UniRef:UniRef50_A0A547TD57,UniRef:UniRef90_A0AAP8LAR7			/root/autodl-tmp/abi-real-data/results/metagenomic_plasmid_srr11038083_codex_20260810_12vcpu_62gb/08_annotation/SRR11038083/final.contigs_plasmid.gff3
SRR11038083	contig_19	1	6695	+	contig_19	contig_19		region	bakta				/root/autodl-tmp/abi-real-data/results/metagenomic_plasmid_srr11038083_codex_20260810_12vcpu_62gb/08_annotation/SRR11038083/final.contigs_plasmid.gff3
SRR11038083	contig_19	296	781		HJHHLH_0041	hypothetical protein		CDS	bakta				/root/autodl-tmp/abi-real-data/results/metagenomic_plasmid_srr11038083_codex_20260810_12vcpu_62gb/08_annotation/SRR11038083/final.contigs_plasmid.gff3
SRR11038083	contig_19	724	807	?	HJHHLHJKEC_428	origin of transfer		oriT	bakta	similar to DNA sequence			/root/autodl-tmp/abi-real-data/results/metagenomic_plasmid_srr11038083_codex_20260810_12vcpu_62gb/08_annotation/SRR11038083/final.contigs_plasmid.gff3
SRR11038083	contig_19	810	1799		HJHHLH_0042	Replication protein		CDS	bakta	RefSeq:WP_350423459.1,SO:0001217,UniParc:UPI0012C67E3B,UniRef:UniRef100_UPI0012C67E3B,UniRef:UniRef50_A0A0H5Q2L6,UniRef:UniRef90_A0A793Y133			/root/autodl-tmp/abi-real-data/results/metagenomic_plasmid_srr11038083_codex_20260810_12vcpu_62gb/08_annotation/SRR11038083/final.contigs_plasmid.gff3
SRR11038083	contig_19	1800	2792	?	HJHHLHJKEC_424	origin of replication		oriC	bakta	similar to DNA sequence			/root/autodl-tmp/abi-real-data/results/metagenomic_plasmid_srr11038083_codex_20260810_12vcpu_62gb/08_annotation/SRR11038083/final.contigs_plasmid.gff3
SRR11038083	contig_19	2209	2757		HJHHLH_0043	Prophage protein		CDS	bakta	SO:0001217,UniRef:UniRef50_A0A376VTK5,UniRef:UniRef90_A0A376VTK5			/root/autodl-tmp/abi-real-data/results/metagenomic_plasmid_srr11038083_codex_20260810_12vcpu_62gb/08_annotation/SRR11038083/final.contigs_plasmid.gff3
SRR11038083	contig_19	2388	2461	?	HJHHLHJKEC_429	origin of transfer		oriT	bakta	similar to DNA sequence			/root/autodl-tmp/abi-real-data/results/metagenomic_plasmid_srr11038083_codex_20260810_12vcpu_62gb/08_annotation/SRR11038083/final.contigs_plasmid.gff3
SRR11038083	contig_19	2713	2792	?	HJHHLHJKEC_430	origin of transfer		oriT	bakta	similar to DNA sequence			/root/autodl-tmp/abi-real-data/results/metagenomic_plasmid_srr11038083_codex_20260810_12vcpu_62gb/08_annotation/SRR11038083/final.contigs_plasmid.gff3
SRR11038083	contig_19	2793	3782		HJHHLH_0044	Replication protein		CDS	bakta	RefSeq:WP_021579786.1,SO:0001217,UniParc:UPI00038FA113,UniRef:UniRef100_A0A2L1F4P0,UniRef:UniRef50_A0A0H5Q2L6,UniRef:UniRef90_A0A793Y133			/root/autodl-tmp/abi-real-data/results/metagenomic_plasmid_srr11038083_codex_20260810_12vcpu_62gb/08_annotation/SRR11038083/final.contigs_plasmid.gff3
SRR11038083	contig_19	4084	4179		HJHHLH_0045	hypothetical protein		CDS	bakta				/root/autodl-tmp/abi-real-data/results/metagenomic_plasmid_srr11038083_codex_20260810_12vcpu_62gb/08_annotation/SRR11038083/final.contigs_plasmid.gff3
SRR11038083	contig_19	4488	4554	?	HJHHLHJKEC_431	origin of transfer		oriT	bakta	similar to DNA sequence			/root/autodl-tmp/abi-real-data/results/metagenomic_plasmid_srr11038083_codex_20260810_12vcpu_62gb/08_annotation/SRR11038083/final.contigs_plasmid.gff3
SRR11038083	contig_19	4556	5050	+	HJHHLH_0046	hypothetical protein		CDS	bakta				/root/autodl-tmp/abi-real-data/results/metagenomic_plasmid_srr11038083_codex_20260810_12vcpu_62gb/08_annotation/SRR11038083/final.contigs_plasmid.gff3
SRR11038083	contig_19	5194	6183		HJHHLH_0047	Protein rep		CDS	bakta	RefSeq:WP_087526068.1,SO:0001217,UniParc:UPI000B3CD1D3,UniRef:UniRef100_A0A749Y4N6,UniRef:UniRef50_A0A511FSL3,UniRef:UniRef90_A0A758WV92			/root/autodl-tmp/abi-real-data/results/metagenomic_plasmid_srr11038083_codex_20260810_12vcpu_62gb/08_annotation/SRR11038083/final.contigs_plasmid.gff3
SRR11038083	contig_20	1	3212	+	contig_20	contig_20		region	bakta				/root/autodl-tmp/abi-real-data/results/metagenomic_plasmid_srr11038083_codex_20260810_12vcpu_62gb/08_annotation/SRR11038083/final.contigs_plasmid.gff3
SRR11038083	contig_20	118	399		HJHHLH_0048	Type II toxin-antitoxin system RelB/DinJ family antitoxin		CDS	bakta	KEGG:K07473,RefSeq:WP_087295645.1,SO:0001217,UniParc:UPI000823306D,UniRef:UniRef100_A0A926EUP6,UniRef:UniRef50_G5ID77,UniRef:UniRef90_A0A6L5TCC1			/root/autodl-tmp/abi-real-data/results/metagenomic_plasmid_srr11038083_codex_20260810_12vcpu_62gb/08_annotation/SRR11038083/final.contigs_plasmid.gff3
SRR11038083	contig_20	644	2173		HJHHLH_0049	Replication protein		CDS	bakta	SO:0001217,UniRef:UniRef50_A0A1Y4L3A8,UniRef:UniRef90_A0A412YRQ1			/root/autodl-tmp/abi-real-data/results/metagenomic_plasmid_srr11038083_codex_20260810_12vcpu_62gb/08_annotation/SRR11038083/final.contigs_plasmid.gff3
SRR11038083	contig_20	2177	2356		HJHHLH_0050	hypothetical protein		CDS	bakta	SO:0001217,UniRef:UniRef50_C0CLF0,UniRef:UniRef90_C0CLF0			/root/autodl-tmp/abi-real-data/results/metagenomic_plasmid_srr11038083_codex_20260810_12vcpu_62gb/08_annotation/SRR11038083/final.contigs_plasmid.gff3
SRR11038083	contig_20	2600	3211		HJHHLH_0051	Putative recombinase		CDS	bakta	SO:0001217,UniRef:UniRef50_C7U170,UniRef:UniRef90_C7U170			/root/autodl-tmp/abi-real-data/results/metagenomic_plasmid_srr11038083_codex_20260810_12vcpu_62gb/08_annotation/SRR11038083/final.contigs_plasmid.gff3
SRR11038083	contig_21	1	606	+	contig_21	contig_21		region	bakta				/root/autodl-tmp/abi-real-data/results/metagenomic_plasmid_srr11038083_codex_20260810_12vcpu_62gb/08_annotation/SRR11038083/final.contigs_plasmid.gff3
SRR11038083	contig_22	1	3202	+	contig_22	contig_22		region	bakta				/root/autodl-tmp/abi-real-data/results/metagenomic_plasmid_srr11038083_codex_20260810_12vcpu_62gb/08_annotation/SRR11038083/final.contigs_plasmid.gff3
SRR11038083	contig_22	112	666	+	HJHHLH_0052	hypothetical protein		CDS	bakta	SO:0001217,UniRef:UniRef50_UPI00248A9A30			/root/autodl-tmp/abi-real-data/results/metagenomic_plasmid_srr11038083_codex_20260810_12vcpu_62gb/08_annotation/SRR11038083/final.contigs_plasmid.gff3
SRR11038083	contig_22	1251	2246	+	repM	replication initiation protein RepM		CDS	bakta	GO:0003887,GO:0006270,RefSeq:WP_149961185.1,SO:0001217,UniParc:UPI0003E36A04,UniRef:UniRef100_A0A6I0K4L9,UniRef:UniRef50_A0A6I0K4L9,UniRef:UniRef90_A0A6I0K4L9			/root/autodl-tmp/abi-real-data/results/metagenomic_plasmid_srr11038083_codex_20260810_12vcpu_62gb/08_annotation/SRR11038083/final.contigs_plasmid.gff3
SRR11038083	contig_23	1	1173	+	contig_23	contig_23		region	bakta				/root/autodl-tmp/abi-real-data/results/metagenomic_plasmid_srr11038083_codex_20260810_12vcpu_62gb/08_annotation/SRR11038083/final.contigs_plasmid.gff3
SRR11038083	contig_24	1	1673	+	contig_24	contig_24		region	bakta				/root/autodl-tmp/abi-real-data/results/metagenomic_plasmid_srr11038083_codex_20260810_12vcpu_62gb/08_annotation/SRR11038083/final.contigs_plasmid.gff3
SRR11038083	contig_24	5	478		HJHHLH_0054	HTH crp-type domain-containing protein		CDS	bakta	SO:0001217,UniRef:UniRef50_F7JS68,UniRef:UniRef90_F7JS68			/root/autodl-tmp/abi-real-data/results/metagenomic_plasmid_srr11038083_codex_20260810_12vcpu_62gb/08_annotation/SRR11038083/final.contigs_plasmid.gff3
SRR11038083	contig_24	810	1040	+	HJHHLH_0055	hypothetical protein		CDS	bakta				/root/autodl-tmp/abi-real-data/results/metagenomic_plasmid_srr11038083_codex_20260810_12vcpu_62gb/08_annotation/SRR11038083/final.contigs_plasmid.gff3
SRR11038083	contig_24	1070	1282		HJHHLH_0056	hypothetical protein		CDS	bakta				/root/autodl-tmp/abi-real-data/results/metagenomic_plasmid_srr11038083_codex_20260810_12vcpu_62gb/08_annotation/SRR11038083/final.contigs_plasmid.gff3
SRR11038083	contig_25	1	1709	+	contig_25	contig_25		region	bakta				/root/autodl-tmp/abi-real-data/results/metagenomic_plasmid_srr11038083_codex_20260810_12vcpu_62gb/08_annotation/SRR11038083/final.contigs_plasmid.gff3
SRR11038083	contig_25	5	478		HJHHLH_0057	HTH crp-type domain-containing protein		CDS	bakta	SO:0001217,UniRef:UniRef50_F7JS68,UniRef:UniRef90_F7JS68			/root/autodl-tmp/abi-real-data/results/metagenomic_plasmid_srr11038083_codex_20260810_12vcpu_62gb/08_annotation/SRR11038083/final.contigs_plasmid.gff3
SRR11038083	contig_26	1	447	+	contig_26	contig_26		region	bakta				/root/autodl-tmp/abi-real-data/results/metagenomic_plasmid_srr11038083_codex_20260810_12vcpu_62gb/08_annotation/SRR11038083/final.contigs_plasmid.gff3
SRR11038083	contig_27	1	4304	+	contig_27	contig_27		region	bakta				/root/autodl-tmp/abi-real-data/results/metagenomic_plasmid_srr11038083_codex_20260810_12vcpu_62gb/08_annotation/SRR11038083/final.contigs_plasmid.gff3
SRR11038083	contig_27	31	357	+	HJHHLH_0058	hypothetical protein		CDS	bakta				/root/autodl-tmp/abi-real-data/results/metagenomic_plasmid_srr11038083_codex_20260810_12vcpu_62gb/08_annotation/SRR11038083/final.contigs_plasmid.gff3
SRR11038083	contig_27	672	2099	+	HJHHLH_0059	hypothetical protein		CDS	bakta				/root/autodl-tmp/abi-real-data/results/metagenomic_plasmid_srr11038083_codex_20260810_12vcpu_62gb/08_annotation/SRR11038083/final.contigs_plasmid.gff3
SRR11038083	contig_27	2141	2467		relE	Addiction module toxin RelE		CDS	bakta	SO:0001217,UniRef:UniRef50_A0A4V3WXN6			/root/autodl-tmp/abi-real-data/results/metagenomic_plasmid_srr11038083_codex_20260810_12vcpu_62gb/08_annotation/SRR11038083/final.contigs_plasmid.gff3
SRR11038083	contig_27	2467	2730		HJHHLH_0061	Prevent-host-death protein		CDS	bakta	SO:0001217,UniRef:UniRef50_A0A1Y4E994			/root/autodl-tmp/abi-real-data/results/metagenomic_plasmid_srr11038083_codex_20260810_12vcpu_62gb/08_annotation/SRR11038083/final.contigs_plasmid.gff3
SRR11038083	contig_27	3042	3386	+	HJHHLH_0062	hypothetical protein		CDS	bakta				/root/autodl-tmp/abi-real-data/results/metagenomic_plasmid_srr11038083_codex_20260810_12vcpu_62gb/08_annotation/SRR11038083/final.contigs_plasmid.gff3
SRR11038083	contig_27	4011	4229		HJHHLH_0063	hypothetical protein		CDS	bakta				/root/autodl-tmp/abi-real-data/results/metagenomic_plasmid_srr11038083_codex_20260810_12vcpu_62gb/08_annotation/SRR11038083/final.contigs_plasmid.gff3
SRR11038083	contig_28	1	1112	+	contig_28	contig_28		region	bakta				/root/autodl-tmp/abi-real-data/results/metagenomic_plasmid_srr11038083_codex_20260810_12vcpu_62gb/08_annotation/SRR11038083/final.contigs_plasmid.gff3
SRR11038083	contig_28	739	1002	+	HJHHLH_0064	hypothetical protein		CDS	bakta				/root/autodl-tmp/abi-real-data/results/metagenomic_plasmid_srr11038083_codex_20260810_12vcpu_62gb/08_annotation/SRR11038083/final.contigs_plasmid.gff3
SRR11038083	contig_29	1	472	+	contig_29	contig_29		region	bakta				/root/autodl-tmp/abi-real-data/results/metagenomic_plasmid_srr11038083_codex_20260810_12vcpu_62gb/08_annotation/SRR11038083/final.contigs_plasmid.gff3
SRR11038083	contig_30	1	1189	+	contig_30	contig_30		region	bakta				/root/autodl-tmp/abi-real-data/results/metagenomic_plasmid_srr11038083_codex_20260810_12vcpu_62gb/08_annotation/SRR11038083/final.contigs_plasmid.gff3
SRR11038083	contig_30	86	955	+	HJHHLH_0065	hypothetical protein		CDS	bakta				/root/autodl-tmp/abi-real-data/results/metagenomic_plasmid_srr11038083_codex_20260810_12vcpu_62gb/08_annotation/SRR11038083/final.contigs_plasmid.gff3
SRR11038083	contig_31	1	816	+	contig_31	contig_31		region	bakta				/root/autodl-tmp/abi-real-data/results/metagenomic_plasmid_srr11038083_codex_20260810_12vcpu_62gb/08_annotation/SRR11038083/final.contigs_plasmid.gff3
SRR11038083	contig_32	1	792	+	contig_32	contig_32		region	bakta				/root/autodl-tmp/abi-real-data/results/metagenomic_plasmid_srr11038083_codex_20260810_12vcpu_62gb/08_annotation/SRR11038083/final.contigs_plasmid.gff3
SRR11038083	contig_33	1	780	+	contig_33	contig_33		region	bakta				/root/autodl-tmp/abi-real-data/results/metagenomic_plasmid_srr11038083_codex_20260810_12vcpu_62gb/08_annotation/SRR11038083/final.contigs_plasmid.gff3
SRR11038083	contig_34	1	595	+	contig_34	contig_34		region	bakta				/root/autodl-tmp/abi-real-data/results/metagenomic_plasmid_srr11038083_codex_20260810_12vcpu_62gb/08_annotation/SRR11038083/final.contigs_plasmid.gff3
SRR11038083	contig_34	111	518	+	HJHHLH_0066	hypothetical protein		CDS	bakta				/root/autodl-tmp/abi-real-data/results/metagenomic_plasmid_srr11038083_codex_20260810_12vcpu_62gb/08_annotation/SRR11038083/final.contigs_plasmid.gff3
SRR11038083	contig_35	1	7072	+	contig_35	contig_35		region	bakta				/root/autodl-tmp/abi-real-data/results/metagenomic_plasmid_srr11038083_codex_20260810_12vcpu_62gb/08_annotation/SRR11038083/final.contigs_plasmid.gff3
SRR11038083	contig_35	528	677	+	HJHHLH_0067	hypothetical protein		CDS	bakta				/root/autodl-tmp/abi-real-data/results/metagenomic_plasmid_srr11038083_codex_20260810_12vcpu_62gb/08_annotation/SRR11038083/final.contigs_plasmid.gff3
SRR11038083	contig_35	691	1884		HJHHLH_0068	Plasmid recombination enzyme		CDS	bakta	SO:0001217,UniRef:UniRef50_A0A0H5Q4U9			/root/autodl-tmp/abi-real-data/results/metagenomic_plasmid_srr11038083_codex_20260810_12vcpu_62gb/08_annotation/SRR11038083/final.contigs_plasmid.gff3
SRR11038083	contig_35	2103	2510		HJHHLH_0069	DUF2442 domain-containing protein		CDS	bakta	SO:0001217,UniRef:UniRef50_W8KJ05,UniRef:UniRef90_A0A1G9PBJ2			/root/autodl-tmp/abi-real-data/results/metagenomic_plasmid_srr11038083_codex_20260810_12vcpu_62gb/08_annotation/SRR11038083/final.contigs_plasmid.gff3
SRR11038083	contig_35	2497	2745		HJHHLH_0070	DUF4160 domain-containing protein		CDS	bakta	RefSeq:WP_182806026.1,SO:0001217,UniParc:UPI00065CB7EF,UniRef:UniRef100_A0A7W4CNS4,UniRef:UniRef50_A0A126NR20,UniRef:UniRef90_A0A1G9PAQ7			/root/autodl-tmp/abi-real-data/results/metagenomic_plasmid_srr11038083_codex_20260810_12vcpu_62gb/08_annotation/SRR11038083/final.contigs_plasmid.gff3
SRR11038083	contig_35	2807	5959		HJHHLH_0071	site-specific DNA-methyltransferase (adenine-specific)		CDS	bakta	SO:0001217,UniRef:UniRef50_Q0ASV4			/root/autodl-tmp/abi-real-data/results/metagenomic_plasmid_srr11038083_codex_20260810_12vcpu_62gb/08_annotation/SRR11038083/final.contigs_plasmid.gff3
SRR11038083	contig_35	5985	6380		HJHHLH_0072	hypothetical protein		CDS	bakta	PFAM:PF12728.13			/root/autodl-tmp/abi-real-data/results/metagenomic_plasmid_srr11038083_codex_20260810_12vcpu_62gb/08_annotation/SRR11038083/final.contigs_plasmid.gff3
SRR11038083	contig_35	6436	6996		repL	Plasmid replication protein RepL domain-containing protein		CDS	bakta	SO:0001217,UniRef:UniRef50_A0A1C2HB05			/root/autodl-tmp/abi-real-data/results/metagenomic_plasmid_srr11038083_codex_20260810_12vcpu_62gb/08_annotation/SRR11038083/final.contigs_plasmid.gff3
SRR11038083	contig_36	1	3086	+	contig_36	contig_36		region	bakta				/root/autodl-tmp/abi-real-data/results/metagenomic_plasmid_srr11038083_codex_20260810_12vcpu_62gb/08_annotation/SRR11038083/final.contigs_plasmid.gff3
SRR11038083	contig_36	60	1037	+	HJHHLH_0074	Replication protein		CDS	bakta	SO:0001217,UniRef:UniRef50_A0A1X7HIW9,UniRef:UniRef90_Q8VQM9			/root/autodl-tmp/abi-real-data/results/metagenomic_plasmid_srr11038083_codex_20260810_12vcpu_62gb/08_annotation/SRR11038083/final.contigs_plasmid.gff3
SRR11038083	contig_36	1223	1411	+	HJHHLH_0075	hypothetical protein		CDS	bakta	SO:0001217,UniRef:UniRef50_A0A414UD81			/root/autodl-tmp/abi-real-data/results/metagenomic_plasmid_srr11038083_codex_20260810_12vcpu_62gb/08_annotation/SRR11038083/final.contigs_plasmid.gff3
SRR11038083	contig_36	1464	1778	+	HJHHLH_0076	hypothetical protein		CDS	bakta				/root/autodl-tmp/abi-real-data/results/metagenomic_plasmid_srr11038083_codex_20260810_12vcpu_62gb/08_annotation/SRR11038083/final.contigs_plasmid.gff3
SRR11038083	contig_36	2158	2427		HJHHLH_0077	Txe/YoeB family addiction module toxin		CDS	bakta	GO:0008219,SO:0001217,UniRef:UniRef50_A0A1Y4CQK5,UniRef:UniRef90_F8N551			/root/autodl-tmp/abi-real-data/results/metagenomic_plasmid_srr11038083_codex_20260810_12vcpu_62gb/08_annotation/SRR11038083/final.contigs_plasmid.gff3
SRR11038083	contig_36	2415	2678		HJHHLH_0078	Prevent-host-death protein		CDS	bakta	SO:0001217,UniRef:UniRef50_F8N550,UniRef:UniRef90_A0A2N6Q055			/root/autodl-tmp/abi-real-data/results/metagenomic_plasmid_srr11038083_codex_20260810_12vcpu_62gb/08_annotation/SRR11038083/final.contigs_plasmid.gff3
SRR11038083	contig_37	1	749	+	contig_37	contig_37		region	bakta				/root/autodl-tmp/abi-real-data/results/metagenomic_plasmid_srr11038083_codex_20260810_12vcpu_62gb/08_annotation/SRR11038083/final.contigs_plasmid.gff3
SRR11038083	contig_38	1	2869	+	contig_38	contig_38		region	bakta				/root/autodl-tmp/abi-real-data/results/metagenomic_plasmid_srr11038083_codex_20260810_12vcpu_62gb/08_annotation/SRR11038083/final.contigs_plasmid.gff3
SRR11038083	contig_38	38	934	+	HJHHLH_0079	hypothetical protein		CDS	bakta				/root/autodl-tmp/abi-real-data/results/metagenomic_plasmid_srr11038083_codex_20260810_12vcpu_62gb/08_annotation/SRR11038083/final.contigs_plasmid.gff3
SRR11038083	contig_38	1246	1827	+	HJHHLH_0080	hypothetical protein		CDS	bakta				/root/autodl-tmp/abi-real-data/results/metagenomic_plasmid_srr11038083_codex_20260810_12vcpu_62gb/08_annotation/SRR11038083/final.contigs_plasmid.gff3
SRR11038083	contig_38	1827	2723	+	HJHHLH_0081	hypothetical protein		CDS	bakta	PFAM:PF13362.12,PFAM:PF13662.12,PFAM:PF01807.25			/root/autodl-tmp/abi-real-data/results/metagenomic_plasmid_srr11038083_codex_20260810_12vcpu_62gb/08_annotation/SRR11038083/final.contigs_plasmid.gff3
SRR11038083	contig_39	1	1444	+	contig_39	contig_39		region	bakta				/root/autodl-tmp/abi-real-data/results/metagenomic_plasmid_srr11038083_codex_20260810_12vcpu_62gb/08_annotation/SRR11038083/final.contigs_plasmid.gff3
SRR11038083	contig_39	114	214	?	HJHHLHJKEC_432	origin of transfer		oriT	bakta	similar to DNA sequence			/root/autodl-tmp/abi-real-data/results/metagenomic_plasmid_srr11038083_codex_20260810_12vcpu_62gb/08_annotation/SRR11038083/final.contigs_plasmid.gff3
SRR11038083	contig_39	588	1067	+	HJHHLH_0082	Helix-turn-helix domain-containing protein		CDS	bakta	RefSeq:WP_000275450.1,SO:0001217,UniParc:UPI00005EDE7F,UniRef:UniRef100_Q2XPQ9,UniRef:UniRef50_A0A0H5PZW6,UniRef:UniRef90_A0A3G4RXL7			/root/autodl-tmp/abi-real-data/results/metagenomic_plasmid_srr11038083_codex_20260810_12vcpu_62gb/08_annotation/SRR11038083/final.contigs_plasmid.gff3
SRR11038083	contig_40	1	1462	+	contig_40	contig_40		region	bakta				/root/autodl-tmp/abi-real-data/results/metagenomic_plasmid_srr11038083_codex_20260810_12vcpu_62gb/08_annotation/SRR11038083/final.contigs_plasmid.gff3
SRR11038083	contig_40	157	705	+	HJHHLH_0083	hypothetical protein		CDS	bakta				/root/autodl-tmp/abi-real-data/results/metagenomic_plasmid_srr11038083_codex_20260810_12vcpu_62gb/08_annotation/SRR11038083/final.contigs_plasmid.gff3
SRR11038083	contig_40	698	943	+	HJHHLH_0084	Complexin-2		CDS	bakta	SO:0001217,UniRef:UniRef50_A0A174F681			/root/autodl-tmp/abi-real-data/results/metagenomic_plasmid_srr11038083_codex_20260810_12vcpu_62gb/08_annotation/SRR11038083/final.contigs_plasmid.gff3
SRR11038083	contig_41	1	2958	+	contig_41	contig_41		region	bakta				/root/autodl-tmp/abi-real-data/results/metagenomic_plasmid_srr11038083_codex_20260810_12vcpu_62gb/08_annotation/SRR11038083/final.contigs_plasmid.gff3
SRR11038083	contig_41	47	211	+	HJHHLH_0085	hypothetical protein		CDS	bakta				/root/autodl-tmp/abi-real-data/results/metagenomic_plasmid_srr11038083_codex_20260810_12vcpu_62gb/08_annotation/SRR11038083/final.contigs_plasmid.gff3
SRR11038083	contig_41	400	1365	+	HJHHLH_0086	Replication initiation factor domain-containing protein		CDS	bakta	SO:0001217,UniRef:UniRef50_A0A425WEJ9,UniRef:UniRef90_UPI0034A2A956			/root/autodl-tmp/abi-real-data/results/metagenomic_plasmid_srr11038083_codex_20260810_12vcpu_62gb/08_annotation/SRR11038083/final.contigs_plasmid.gff3
SRR11038083	contig_41	1781	2659		HJHHLH_0087	hypothetical protein		CDS	bakta				/root/autodl-tmp/abi-real-data/results/metagenomic_plasmid_srr11038083_codex_20260810_12vcpu_62gb/08_annotation/SRR11038083/final.contigs_plasmid.gff3
SRR11038083	contig_42	1	2570	+	contig_42	contig_42		region	bakta				/root/autodl-tmp/abi-real-data/results/metagenomic_plasmid_srr11038083_codex_20260810_12vcpu_62gb/08_annotation/SRR11038083/final.contigs_plasmid.gff3
SRR11038083	contig_42	44	493	+	HJHHLH_0088	hypothetical protein		CDS	bakta				/root/autodl-tmp/abi-real-data/results/metagenomic_plasmid_srr11038083_codex_20260810_12vcpu_62gb/08_annotation/SRR11038083/final.contigs_plasmid.gff3
SRR11038083	contig_42	831	1034		HJHHLH_0089	hypothetical protein		CDS	bakta				/root/autodl-tmp/abi-real-data/results/metagenomic_plasmid_srr11038083_codex_20260810_12vcpu_62gb/08_annotation/SRR11038083/final.contigs_plasmid.gff3
SRR11038083	contig_42	1530	1811		HJHHLH_0090	hypothetical protein		CDS	bakta	RefSeq:WP_077271966.1,SO:0001217,UniParc:UPI0009838435,UniRef:UniRef100_UPI0009838435,UniRef:UniRef50_UPI0012698699,UniRef:UniRef90_UPI0009838435			/root/autodl-tmp/abi-real-data/results/metagenomic_plasmid_srr11038083_codex_20260810_12vcpu_62gb/08_annotation/SRR11038083/final.contigs_plasmid.gff3
SRR11038083	contig_42	1826	2074		merR	MerR HTH family regulatory protein		CDS	bakta	SO:0001217,UniRef:UniRef50_A0A2A3ZUH7,UniRef:UniRef90_A0A1F1IDH9			/root/autodl-tmp/abi-real-data/results/metagenomic_plasmid_srr11038083_codex_20260810_12vcpu_62gb/08_annotation/SRR11038083/final.contigs_plasmid.gff3
SRR11038083	contig_42	2071	2472		HJHHLH_0092	primase C-terminal domain-containing protein		CDS	bakta	SO:0001217,UniRef:UniRef50_UPI003313077C			/root/autodl-tmp/abi-real-data/results/metagenomic_plasmid_srr11038083_codex_20260810_12vcpu_62gb/08_annotation/SRR11038083/final.contigs_plasmid.gff3
SRR11038083	contig_43	1	687	+	contig_43	contig_43		region	bakta				/root/autodl-tmp/abi-real-data/results/metagenomic_plasmid_srr11038083_codex_20260810_12vcpu_62gb/08_annotation/SRR11038083/final.contigs_plasmid.gff3
SRR11038083	contig_43	105	635		HJHHLH_0093	hypothetical protein		CDS	bakta	PFAM:PF13730.12			/root/autodl-tmp/abi-real-data/results/metagenomic_plasmid_srr11038083_codex_20260810_12vcpu_62gb/08_annotation/SRR11038083/final.contigs_plasmid.gff3
SRR11038083	contig_44	1	618	+	contig_44	contig_44		region	bakta				/root/autodl-tmp/abi-real-data/results/metagenomic_plasmid_srr11038083_codex_20260810_12vcpu_62gb/08_annotation/SRR11038083/final.contigs_plasmid.gff3
SRR11038083	contig_44	28	309		HJHHLH_0094	plasmid mobilization protein		CDS	bakta	SO:0001217,UniRef:UniRef50_K1UMJ4,UniRef:UniRef90_UPI0023AB3F61			/root/autodl-tmp/abi-real-data/results/metagenomic_plasmid_srr11038083_codex_20260810_12vcpu_62gb/08_annotation/SRR11038083/final.contigs_plasmid.gff3
SRR11038083	contig_44	275	436		HJHHLH_0095	hypothetical protein		CDS	bakta	RefSeq:WP_007885225.1,SO:0001217,UniParc:UPI000197F7DB,UniRef:UniRef100_C0FSN3,UniRef:UniRef50_C0FSN3,UniRef:UniRef90_C0FSN3			/root/autodl-tmp/abi-real-data/results/metagenomic_plasmid_srr11038083_codex_20260810_12vcpu_62gb/08_annotation/SRR11038083/final.contigs_plasmid.gff3
SRR11038083	contig_45	1	374	+	contig_45	contig_45		region	bakta				/root/autodl-tmp/abi-real-data/results/metagenomic_plasmid_srr11038083_codex_20260810_12vcpu_62gb/08_annotation/SRR11038083/final.contigs_plasmid.gff3
SRR11038083	contig_46	1	801	+	contig_46	contig_46		region	bakta				/root/autodl-tmp/abi-real-data/results/metagenomic_plasmid_srr11038083_codex_20260810_12vcpu_62gb/08_annotation/SRR11038083/final.contigs_plasmid.gff3
SRR11038083	contig_47	1	841	+	contig_47	contig_47		region	bakta				/root/autodl-tmp/abi-real-data/results/metagenomic_plasmid_srr11038083_codex_20260810_12vcpu_62gb/08_annotation/SRR11038083/final.contigs_plasmid.gff3
SRR11038083	contig_47	42	608	+	HJHHLH_0096	hypothetical protein		CDS	bakta				/root/autodl-tmp/abi-real-data/results/metagenomic_plasmid_srr11038083_codex_20260810_12vcpu_62gb/08_annotation/SRR11038083/final.contigs_plasmid.gff3
SRR11038083	contig_48	1	543	+	contig_48	contig_48		region	bakta				/root/autodl-tmp/abi-real-data/results/metagenomic_plasmid_srr11038083_codex_20260810_12vcpu_62gb/08_annotation/SRR11038083/final.contigs_plasmid.gff3
SRR11038083	contig_49	1	1787	+	contig_49	contig_49		region	bakta				/root/autodl-tmp/abi-real-data/results/metagenomic_plasmid_srr11038083_codex_20260810_12vcpu_62gb/08_annotation/SRR11038083/final.contigs_plasmid.gff3
SRR11038083	contig_49	24	1250	+	HJHHLH_0097	Plasmid recombination enzyme		CDS	bakta	SO:0001217,UniRef:UniRef50_A0A830U7Z4,UniRef:UniRef90_D4LUC5			/root/autodl-tmp/abi-real-data/results/metagenomic_plasmid_srr11038083_codex_20260810_12vcpu_62gb/08_annotation/SRR11038083/final.contigs_plasmid.gff3
SRR11038083	contig_49	1075	1512		HJHHLH_0098	hypothetical protein		CDS	bakta				/root/autodl-tmp/abi-real-data/results/metagenomic_plasmid_srr11038083_codex_20260810_12vcpu_62gb/08_annotation/SRR11038083/final.contigs_plasmid.gff3
SRR11038083	contig_50	1	607	+	contig_50	contig_50		region	bakta				/root/autodl-tmp/abi-real-data/results/metagenomic_plasmid_srr11038083_codex_20260810_12vcpu_62gb/08_annotation/SRR11038083/final.contigs_plasmid.gff3
SRR11038083	contig_50	49	348		mbpA	mobilization protein MbpA		CDS	bakta	RefSeq:WP_004327437.1,SO:0001217,UniParc:UPI00000B32BC,UniRef:UniRef100_A0A413ZG20,UniRef:UniRef50_A0A2V2GEE6,UniRef:UniRef90_A0A413ZG20			/root/autodl-tmp/abi-real-data/results/metagenomic_plasmid_srr11038083_codex_20260810_12vcpu_62gb/08_annotation/SRR11038083/final.contigs_plasmid.gff3
SRR11038083	contig_51	1	11033	+	contig_51	contig_51		region	bakta				/root/autodl-tmp/abi-real-data/results/metagenomic_plasmid_srr11038083_codex_20260810_12vcpu_62gb/08_annotation/SRR11038083/final.contigs_plasmid.gff3
SRR11038083	contig_51	97	645	+	HJHHLH_0100	hypothetical protein		CDS	bakta				/root/autodl-tmp/abi-real-data/results/metagenomic_plasmid_srr11038083_codex_20260810_12vcpu_62gb/08_annotation/SRR11038083/final.contigs_plasmid.gff3
SRR11038083	contig_51	881	1150	+	HJHHLH_0101	type II toxin-antitoxin system RelB/DinJ family antitoxin		CDS	bakta	KEGG:K07473,SO:0001217,UniRef:UniRef50_A0A356L1Q3,UniRef:UniRef90_UPI0025B20B21			/root/autodl-tmp/abi-real-data/results/metagenomic_plasmid_srr11038083_codex_20260810_12vcpu_62gb/08_annotation/SRR11038083/final.contigs_plasmid.gff3
SRR11038083	contig_51	1143	1421	+	yafQ	Type II toxin-antitoxin system YafQ family toxin		CDS	bakta	SO:0001217,UniRef:UniRef50_A8S0R9			/root/autodl-tmp/abi-real-data/results/metagenomic_plasmid_srr11038083_codex_20260810_12vcpu_62gb/08_annotation/SRR11038083/final.contigs_plasmid.gff3
SRR11038083	contig_51	1440	1679	+	HJHHLH_0103	DUF5348 domain-containing protein		CDS	bakta	RefSeq:WP_117531940.1,SO:0001217,UniParc:UPI0004B4C7FD,UniRef:UniRef100_A0A6L5TEF6,UniRef:UniRef50_A0A1Y4HBA1,UniRef:UniRef90_A0A174HMD1			/root/autodl-tmp/abi-real-data/results/metagenomic_plasmid_srr11038083_codex_20260810_12vcpu_62gb/08_annotation/SRR11038083/final.contigs_plasmid.gff3
SRR11038083	contig_51	1684	2202	+	HJHHLH_0104	TetR/AcrR family transcriptional regulator		CDS	bakta	RefSeq:WP_025491722.1,SO:0001217,UniParc:UPI00046F83CD,UniRef:UniRef100_A0A3E3I1J6,UniRef:UniRef50_A0A0H5Q0J0,UniRef:UniRef90_A0A3E3I1J6			/root/autodl-tmp/abi-real-data/results/metagenomic_plasmid_srr11038083_codex_20260810_12vcpu_62gb/08_annotation/SRR11038083/final.contigs_plasmid.gff3
SRR11038083	contig_51	2257	3225	+	HJHHLH_0105	hypothetical protein		CDS	bakta	RefSeq:WP_066859798.1,SO:0001217,UniParc:UPI0004B2A164,UniRef:UniRef100_A0AAE3DPG1,UniRef:UniRef50_K1RN31,UniRef:UniRef90_A0AAE3DPG1			/root/autodl-tmp/abi-real-data/results/metagenomic_plasmid_srr11038083_codex_20260810_12vcpu_62gb/08_annotation/SRR11038083/final.contigs_plasmid.gff3
SRR11038083	contig_51	3469	4695	+	HJHHLH_0106	Plasmid recombination enzyme		CDS	bakta	RefSeq:WP_025491723.1,SO:0001217,UniParc:UPI00046FA48A,UniRef:UniRef100_A0A3E3I1S2,UniRef:UniRef50_A0A830U7Z4,UniRef:UniRef90_A0A3E3I1S2			/root/autodl-tmp/abi-real-data/results/metagenomic_plasmid_srr11038083_codex_20260810_12vcpu_62gb/08_annotation/SRR11038083/final.contigs_plasmid.gff3
SRR11038083	contig_51	4888	5055	+	HJHHLH_0107	hypothetical protein		CDS	bakta	SO:0001217,UniRef:UniRef50_C0CLF0,UniRef:UniRef90_C0CLF0			/root/autodl-tmp/abi-real-data/results/metagenomic_plasmid_srr11038083_codex_20260810_12vcpu_62gb/08_annotation/SRR11038083/final.contigs_plasmid.gff3
SRR11038083	contig_51	5071	6588	+	HJHHLH_0108	Replication protein		CDS	bakta	RefSeq:WP_025491724.1,SO:0001217,UniParc:UPI0004716A69,UniRef:UniRef100_A0A1C6ADA8,UniRef:UniRef50_A0A1Y4L3A8,UniRef:UniRef90_A0A412YRQ1			/root/autodl-tmp/abi-real-data/results/metagenomic_plasmid_srr11038083_codex_20260810_12vcpu_62gb/08_annotation/SRR11038083/final.contigs_plasmid.gff3
SRR11038083	contig_51	6837	7118	+	HJHHLH_0109	Type II toxin-antitoxin system RelB/DinJ family antitoxin		CDS	bakta	KEGG:K07473,RefSeq:WP_025491725.1,SO:0001217,UniParc:UPI00046EF217,UniRef:UniRef100_A0A6L5TCC1,UniRef:UniRef50_G5ID77,UniRef:UniRef90_A0A6L5TCC1			/root/autodl-tmp/abi-real-data/results/metagenomic_plasmid_srr11038083_codex_20260810_12vcpu_62gb/08_annotation/SRR11038083/final.contigs_plasmid.gff3
SRR11038083	contig_51	7111	7383	+	yafQ	mRNA interferase YafQ		CDS	bakta	EC:3.1.-.-,KEGG:K19157,RefSeq:WP_066859802.1,SO:0001217,UniParc:UPI00078B25C3,UniRef:UniRef100_A0A140JXE0,UniRef:UniRef50_C9RJS0,UniRef:UniRef90_C0CLE7			/root/autodl-tmp/abi-real-data/results/metagenomic_plasmid_srr11038083_codex_20260810_12vcpu_62gb/08_annotation/SRR11038083/final.contigs_plasmid.gff3
SRR11038083	contig_51	7402	7650	+	HJHHLH_0111	DUF5060 domain-containing protein		CDS	bakta	RefSeq:WP_087295647.1,SO:0001217,UniParc:UPI0008209D34,UniRef:UniRef100_A0A926ER05,UniRef:UniRef50_A0A1Y4HBA1,UniRef:UniRef90_A0A1Y4HBA1			/root/autodl-tmp/abi-real-data/results/metagenomic_plasmid_srr11038083_codex_20260810_12vcpu_62gb/08_annotation/SRR11038083/final.contigs_plasmid.gff3
SRR11038083	contig_51	7647	8138	+	HJHHLH_0112	DUF536 domain-containing protein		CDS	bakta	RefSeq:WP_087990358.1,SO:0001217,UniParc:UPI000B43D773,UniRef:UniRef100_A0A926EU05,UniRef:UniRef50_A0A0H5Q0J0,UniRef:UniRef90_A0A926EU05			/root/autodl-tmp/abi-real-data/results/metagenomic_plasmid_srr11038083_codex_20260810_12vcpu_62gb/08_annotation/SRR11038083/final.contigs_plasmid.gff3
SRR11038083	contig_51	8176	9450	+	HJHHLH_0113	GNAT family N-acetyltransferase		CDS	bakta	EC:2.1.1.208,KEGG:K21514,RefSeq:WP_087990359.1,SO:0001217,UniParc:UPI000B447FA3,UniRef:UniRef100_A0A923NNS5,UniRef:UniRef50_A0A923NNS5,UniRef:UniRef90_A0A923NNS5			/root/autodl-tmp/abi-real-data/results/metagenomic_plasmid_srr11038083_codex_20260810_12vcpu_62gb/08_annotation/SRR11038083/final.contigs_plasmid.gff3
SRR11038083	contig_51	9486	9845	+	sdpI	SdpI family protein		CDS	bakta	RefSeq:WP_087990360.1,SO:0001217,UniParc:UPI000B443276,UniRef:UniRef100_A0A926IJD8,UniRef:UniRef50_R9K8H8,UniRef:UniRef90_A0A926IJD8			/root/autodl-tmp/abi-real-data/results/metagenomic_plasmid_srr11038083_codex_20260810_12vcpu_62gb/08_annotation/SRR11038083/final.contigs_plasmid.gff3
SRR11038083	contig_52	1	357	+	contig_52	contig_52		region	bakta				/root/autodl-tmp/abi-real-data/results/metagenomic_plasmid_srr11038083_codex_20260810_12vcpu_62gb/08_annotation/SRR11038083/final.contigs_plasmid.gff3
SRR11038083	contig_53	1	3454	+	contig_53	contig_53		region	bakta				/root/autodl-tmp/abi-real-data/results/metagenomic_plasmid_srr11038083_codex_20260810_12vcpu_62gb/08_annotation/SRR11038083/final.contigs_plasmid.gff3
SRR11038083	contig_53	75	308		HJHHLH_0115	hypothetical protein		CDS	bakta				/root/autodl-tmp/abi-real-data/results/metagenomic_plasmid_srr11038083_codex_20260810_12vcpu_62gb/08_annotation/SRR11038083/final.contigs_plasmid.gff3
SRR11038083	contig_53	301	669		HJHHLH_0116	hypothetical protein		CDS	bakta				/root/autodl-tmp/abi-real-data/results/metagenomic_plasmid_srr11038083_codex_20260810_12vcpu_62gb/08_annotation/SRR11038083/final.contigs_plasmid.gff3
SRR11038083	contig_53	867	1979	+	HJHHLH_0117	hypothetical protein		CDS	bakta				/root/autodl-tmp/abi-real-data/results/metagenomic_plasmid_srr11038083_codex_20260810_12vcpu_62gb/08_annotation/SRR11038083/final.contigs_plasmid.gff3
SRR11038083	contig_53	2039	2287		HJHHLH_0118	hypothetical protein		CDS	bakta				/root/autodl-tmp/abi-real-data/results/metagenomic_plasmid_srr11038083_codex_20260810_12vcpu_62gb/08_annotation/SRR11038083/final.contigs_plasmid.gff3
SRR11038083	contig_53	2361	3302	+	HJHHLH_0119	Uncultured bacterium plasmid pRGI00557		CDS	bakta	SO:0001217,UniRef:UniRef50_W1I617			/root/autodl-tmp/abi-real-data/results/metagenomic_plasmid_srr11038083_codex_20260810_12vcpu_62gb/08_annotation/SRR11038083/final.contigs_plasmid.gff3
SRR11038083	contig_54	1	973	+	contig_54	contig_54		region	bakta				/root/autodl-tmp/abi-real-data/results/metagenomic_plasmid_srr11038083_codex_20260810_12vcpu_62gb/08_annotation/SRR11038083/final.contigs_plasmid.gff3
SRR11038083	contig_54	313	753	+	marR	MarR family transcriptional regulator		CDS	bakta	RefSeq:WP_000031238.1,SO:0001217,UniParc:UPI0001DC66A3,UniRef:UniRef100_A0A0C5EW67,UniRef:UniRef50_A0AA95GRP8,UniRef:UniRef90_A0A939SUX0			/root/autodl-tmp/abi-real-data/results/metagenomic_plasmid_srr11038083_codex_20260810_12vcpu_62gb/08_annotation/SRR11038083/final.contigs_plasmid.gff3
SRR11038083	contig_55	1	11660	+	contig_55	contig_55		region	bakta				/root/autodl-tmp/abi-real-data/results/metagenomic_plasmid_srr11038083_codex_20260810_12vcpu_62gb/08_annotation/SRR11038083/final.contigs_plasmid.gff3
SRR11038083	contig_55	296	736	+	HJHHLH_0121	helix-turn-helix domain-containing protein		CDS	bakta	SO:0001217,UniRef:UniRef50_UPI00067F221D			/root/autodl-tmp/abi-real-data/results/metagenomic_plasmid_srr11038083_codex_20260810_12vcpu_62gb/08_annotation/SRR11038083/final.contigs_plasmid.gff3
SRR11038083	contig_55	760	1164	+	HJHHLH_0122	hypothetical protein		CDS	bakta	SO:0001217,UniRef:UniRef50_UPI0025ACE7D3			/root/autodl-tmp/abi-real-data/results/metagenomic_plasmid_srr11038083_codex_20260810_12vcpu_62gb/08_annotation/SRR11038083/final.contigs_plasmid.gff3
SRR11038083	contig_55	1222	1941	+	HJHHLH_0123	hypothetical protein		CDS	bakta				/root/autodl-tmp/abi-real-data/results/metagenomic_plasmid_srr11038083_codex_20260810_12vcpu_62gb/08_annotation/SRR11038083/final.contigs_plasmid.gff3
SRR11038083	contig_55	2066	2431	+	HJHHLH_0124	hypothetical protein		CDS	bakta				/root/autodl-tmp/abi-real-data/results/metagenomic_plasmid_srr11038083_codex_20260810_12vcpu_62gb/08_annotation/SRR11038083/final.contigs_plasmid.gff3
SRR11038083	contig_55	2655	2729	+	Pistol	Pistol ribozyme		ncRNA	bakta	RFAM:RF02679,SO:0000374			/root/autodl-tmp/abi-real-data/results/metagenomic_plasmid_srr11038083_codex_20260810_12vcpu_62gb/08_annotation/SRR11038083/final.contigs_plasmid.gff3
SRR11038083	contig_55	3214	4236	+	HJHHLH_0126	Tyr recombinase domain-containing protein		CDS	bakta	SO:0001217,UniRef:UniRef50_R9LVD4,UniRef:UniRef90_A0A416Z7S6			/root/autodl-tmp/abi-real-data/results/metagenomic_plasmid_srr11038083_codex_20260810_12vcpu_62gb/08_annotation/SRR11038083/final.contigs_plasmid.gff3
SRR11038083	contig_55	4251	5021	+	HJHHLH_0127	DUF3164 domain-containing protein		CDS	bakta	SO:0001217,UniRef:UniRef50_A0A1Y4KZ79,UniRef:UniRef90_A0A351NF75			/root/autodl-tmp/abi-real-data/results/metagenomic_plasmid_srr11038083_codex_20260810_12vcpu_62gb/08_annotation/SRR11038083/final.contigs_plasmid.gff3
SRR11038083	contig_55	5172	5306	+	HJHHLH_0128	hypothetical protein		CDS	bakta				/root/autodl-tmp/abi-real-data/results/metagenomic_plasmid_srr11038083_codex_20260810_12vcpu_62gb/08_annotation/SRR11038083/final.contigs_plasmid.gff3
SRR11038083	contig_55	5438	6952	+	HJHHLH_0129	Replication protein		CDS	bakta	RefSeq:WP_227601243.1,SO:0001217,UniParc:UPI001D0DDBA1,UniRef:UniRef100_A0AAW4VY55,UniRef:UniRef50_A0A1Y4L3A8,UniRef:UniRef90_A0A943TJV2			/root/autodl-tmp/abi-real-data/results/metagenomic_plasmid_srr11038083_codex_20260810_12vcpu_62gb/08_annotation/SRR11038083/final.contigs_plasmid.gff3
SRR11038083	contig_55	7163	7441	+	HJHHLH_0130	Antitoxin		CDS	bakta	RefSeq:WP_227601242.1,SO:0001217,UniParc:UPI001D0EB2BC,UniRef:UniRef100_A0A943TRB1,UniRef:UniRef50_A0A934WTE1,UniRef:UniRef90_A0A3D1LAK3			/root/autodl-tmp/abi-real-data/results/metagenomic_plasmid_srr11038083_codex_20260810_12vcpu_62gb/08_annotation/SRR11038083/final.contigs_plasmid.gff3
SRR11038083	contig_55	7473	7745	+	HJHHLH_0131	Type II toxin-antitoxin system RelE/ParE family toxin		CDS	bakta	SO:0001217,UniRef:UniRef50_E3GDG8,UniRef:UniRef90_A0A6L6LWV5			/root/autodl-tmp/abi-real-data/results/metagenomic_plasmid_srr11038083_codex_20260810_12vcpu_62gb/08_annotation/SRR11038083/final.contigs_plasmid.gff3
SRR11038083	contig_55	7751	7981	+	HJHHLH_0132	Type II toxin-antitoxin system RelB/DinJ family antitoxin		CDS	bakta	SO:0001217,UniParc:UPI001314360E,UniRef:UniRef100_A0A943TMN8,UniRef:UniRef50_A0A6L6LWV4,UniRef:UniRef90_A0A943TMN8			/root/autodl-tmp/abi-real-data/results/metagenomic_plasmid_srr11038083_codex_20260810_12vcpu_62gb/08_annotation/SRR11038083/final.contigs_plasmid.gff3
SRR11038083	contig_55	7978	8478	+	HJHHLH_0133	DUF536 domain-containing protein		CDS	bakta	SO:0001217,UniRef:UniRef50_A0A0H5Q0J0,UniRef:UniRef90_A0A943TP10			/root/autodl-tmp/abi-real-data/results/metagenomic_plasmid_srr11038083_codex_20260810_12vcpu_62gb/08_annotation/SRR11038083/final.contigs_plasmid.gff3
SRR11038083	contig_55	8475	9302	+	traX	Conjugal transfer protein TraX		CDS	bakta	SO:0001217,UniRef:UniRef50_A0A1Y4FHZ0,UniRef:UniRef90_A0A943TLV1			/root/autodl-tmp/abi-real-data/results/metagenomic_plasmid_srr11038083_codex_20260810_12vcpu_62gb/08_annotation/SRR11038083/final.contigs_plasmid.gff3
SRR11038083	contig_55	9355	9768		HJHHLH_0135	hypothetical protein		CDS	bakta	RefSeq:WP_118649011.1,SO:0001217,UniParc:UPI00095CBDB7,UniRef:UniRef100_A0A943YCC6,UniRef:UniRef50_A0A943YCC6,UniRef:UniRef90_A0A943YCC6			/root/autodl-tmp/abi-real-data/results/metagenomic_plasmid_srr11038083_codex_20260810_12vcpu_62gb/08_annotation/SRR11038083/final.contigs_plasmid.gff3
SRR11038083	contig_55	10127	11395	+	HJHHLH_0136	Plasmid recombination protein		CDS	bakta	SO:0001217,UniParc:UPI001FA9DB6C,UniRef:UniRef100_A0AAW4VY58,UniRef:UniRef50_A0A830U7Z4,UniRef:UniRef90_A0A943YBX1			/root/autodl-tmp/abi-real-data/results/metagenomic_plasmid_srr11038083_codex_20260810_12vcpu_62gb/08_annotation/SRR11038083/final.contigs_plasmid.gff3
SRR11038083	contig_55	11392	11649	+	HJHHLH_0137	hypothetical protein		CDS	bakta	SO:0001217,UniRef:UniRef50_A0A943Y9L6,UniRef:UniRef90_A0A943Y9L6			/root/autodl-tmp/abi-real-data/results/metagenomic_plasmid_srr11038083_codex_20260810_12vcpu_62gb/08_annotation/SRR11038083/final.contigs_plasmid.gff3
SRR11038083	contig_56	1	2848	+	contig_56	contig_56		region	bakta				/root/autodl-tmp/abi-real-data/results/metagenomic_plasmid_srr11038083_codex_20260810_12vcpu_62gb/08_annotation/SRR11038083/final.contigs_plasmid.gff3
SRR11038083	contig_56	205	435		HJHHLH_0138	Charged multivesicular body protein 2b-B		CDS	bakta	RefSeq:WP_005683050.1,SO:0001217,UniParc:UPI0001B499CD,UniRef:UniRef100_A0AAW6CSQ6,UniRef:UniRef50_B3JME0,UniRef:UniRef90_B3JME0			/root/autodl-tmp/abi-real-data/results/metagenomic_plasmid_srr11038083_codex_20260810_12vcpu_62gb/08_annotation/SRR11038083/final.contigs_plasmid.gff3
SRR11038083	contig_56	454	906		mbpC	mobilization protein MbpC		CDS	bakta	RefSeq:WP_005683049.1,SO:0001217,UniParc:UPI000268B72A,UniRef:UniRef100_A0AAW6D108,UniRef:UniRef50_I9PI14,UniRef:UniRef90_A0A413ZG21			/root/autodl-tmp/abi-real-data/results/metagenomic_plasmid_srr11038083_codex_20260810_12vcpu_62gb/08_annotation/SRR11038083/final.contigs_plasmid.gff3
SRR11038083	contig_56	863	1657		mbpB	mobilization protein MbpB		CDS	bakta	RefSeq:WP_005683056.1,SO:0001217,UniParc:UPI0001B499CB,UniRef:UniRef100_A0AAW6CVH6,UniRef:UniRef50_R9HTI3,UniRef:UniRef90_A0AAW6CVH6			/root/autodl-tmp/abi-real-data/results/metagenomic_plasmid_srr11038083_codex_20260810_12vcpu_62gb/08_annotation/SRR11038083/final.contigs_plasmid.gff3
SRR11038083	contig_56	1654	1953		mbpA	mobilization protein MbpA		CDS	bakta	RefSeq:WP_005683055.1,SO:0001217,UniParc:UPI0001843A39,UniRef:UniRef100_A0A412DX29,UniRef:UniRef50_A0A2V2GEE6,UniRef:UniRef90_A0A412DX29			/root/autodl-tmp/abi-real-data/results/metagenomic_plasmid_srr11038083_codex_20260810_12vcpu_62gb/08_annotation/SRR11038083/final.contigs_plasmid.gff3
SRR11038083	contig_56	2147	2344		HJHHLH_0142	DUF2750 domain-containing protein		CDS	bakta	RefSeq:WP_005683054.1,SO:0001217,UniParc:UPI0001843A3A,UniRef:UniRef100_A0AAW6D0U5,UniRef:UniRef50_A0A7J5QI66,UniRef:UniRef90_A0A7J5QI64			/root/autodl-tmp/abi-real-data/results/metagenomic_plasmid_srr11038083_codex_20260810_12vcpu_62gb/08_annotation/SRR11038083/final.contigs_plasmid.gff3
SRR11038083	contig_56	2355	2630		HJHHLH_0143	Type II toxin-antitoxin system mRNA interferase toxin%2C RelE/StbE family		CDS	bakta	RefSeq:WP_004327436.1,SO:0001217,UniParc:UPI000175DAB2,UniRef:UniRef100_A0A412DX31,UniRef:UniRef50_K9EDW9,UniRef:UniRef90_A0A412DX31			/root/autodl-tmp/abi-real-data/results/metagenomic_plasmid_srr11038083_codex_20260810_12vcpu_62gb/08_annotation/SRR11038083/final.contigs_plasmid.gff3
SRR11038083	contig_57	1	1584	+	contig_57	contig_57		region	bakta				/root/autodl-tmp/abi-real-data/results/metagenomic_plasmid_srr11038083_codex_20260810_12vcpu_62gb/08_annotation/SRR11038083/final.contigs_plasmid.gff3
SRR11038083	contig_57	28	348	+	HJHHLH_0144	Uncultured bacterium plasmid pRGI00557		CDS	bakta	SO:0001217,UniRef:UniRef50_W1I3B5,UniRef:UniRef90_W1I3B5			/root/autodl-tmp/abi-real-data/results/metagenomic_plasmid_srr11038083_codex_20260810_12vcpu_62gb/08_annotation/SRR11038083/final.contigs_plasmid.gff3
SRR11038083	contig_57	345	578	+	HJHHLH_0145	Uncultured bacterium plasmid pRGI00557		CDS	bakta	SO:0001217,UniRef:UniRef50_W1I543,UniRef:UniRef90_W1I543			/root/autodl-tmp/abi-real-data/results/metagenomic_plasmid_srr11038083_codex_20260810_12vcpu_62gb/08_annotation/SRR11038083/final.contigs_plasmid.gff3
SRR11038083	contig_57	655	1482		HJHHLH_0146	Uncultured bacterium plasmid pRGI00557		CDS	bakta	SO:0001217,UniRef:UniRef50_W1I617,UniRef:UniRef90_W1I617			/root/autodl-tmp/abi-real-data/results/metagenomic_plasmid_srr11038083_codex_20260810_12vcpu_62gb/08_annotation/SRR11038083/final.contigs_plasmid.gff3
SRR11038083	contig_58	1	941	+	contig_58	contig_58		region	bakta				/root/autodl-tmp/abi-real-data/results/metagenomic_plasmid_srr11038083_codex_20260810_12vcpu_62gb/08_annotation/SRR11038083/final.contigs_plasmid.gff3
SRR11038083	contig_58	267	911		HJHHLH_0147	Uncultured bacterium plasmid pRGI00557		CDS	bakta	SO:0001217,UniRef:UniRef50_W1I617,UniRef:UniRef90_W1I617			/root/autodl-tmp/abi-real-data/results/metagenomic_plasmid_srr11038083_codex_20260810_12vcpu_62gb/08_annotation/SRR11038083/final.contigs_plasmid.gff3
SRR11038083	contig_59	1	1992	+	contig_59	contig_59		region	bakta				/root/autodl-tmp/abi-real-data/results/metagenomic_plasmid_srr11038083_codex_20260810_12vcpu_62gb/08_annotation/SRR11038083/final.contigs_plasmid.gff3
SRR11038083	contig_59	24	560	+	HJHHLH_0148	hypothetical protein		CDS	bakta				/root/autodl-tmp/abi-real-data/results/metagenomic_plasmid_srr11038083_codex_20260810_12vcpu_62gb/08_annotation/SRR11038083/final.contigs_plasmid.gff3
SRR11038083	contig_59	907	1506	+	repB	Replication protein RepB		CDS	bakta	SO:0001217,UniRef:UniRef50_A0A6I2UBW7			/root/autodl-tmp/abi-real-data/results/metagenomic_plasmid_srr11038083_codex_20260810_12vcpu_62gb/08_annotation/SRR11038083/final.contigs_plasmid.gff3
SRR11038083	contig_59	1503	1664	+	HJHHLH_0150	hypothetical protein		CDS	bakta				/root/autodl-tmp/abi-real-data/results/metagenomic_plasmid_srr11038083_codex_20260810_12vcpu_62gb/08_annotation/SRR11038083/final.contigs_plasmid.gff3
SRR11038083	contig_60	1	2999	+	contig_60	contig_60		region	bakta				/root/autodl-tmp/abi-real-data/results/metagenomic_plasmid_srr11038083_codex_20260810_12vcpu_62gb/08_annotation/SRR11038083/final.contigs_plasmid.gff3
SRR11038083	contig_60	243	1184		HJHHLH_0151	hypothetical protein		CDS	bakta				/root/autodl-tmp/abi-real-data/results/metagenomic_plasmid_srr11038083_codex_20260810_12vcpu_62gb/08_annotation/SRR11038083/final.contigs_plasmid.gff3
SRR11038083	contig_60	1376	1717	+	HJHHLH_0152	hypothetical protein		CDS	bakta				/root/autodl-tmp/abi-real-data/results/metagenomic_plasmid_srr11038083_codex_20260810_12vcpu_62gb/08_annotation/SRR11038083/final.contigs_plasmid.gff3
SRR11038083	contig_60	1786	2055	+	HJHHLH_0153	hypothetical protein		CDS	bakta				/root/autodl-tmp/abi-real-data/results/metagenomic_plasmid_srr11038083_codex_20260810_12vcpu_62gb/08_annotation/SRR11038083/final.contigs_plasmid.gff3
SRR11038083	contig_60	2132	2797		HJHHLH_0154	hypothetical protein		CDS	bakta				/root/autodl-tmp/abi-real-data/results/metagenomic_plasmid_srr11038083_codex_20260810_12vcpu_62gb/08_annotation/SRR11038083/final.contigs_plasmid.gff3
SRR11038083	contig_61	1	1459	+	contig_61	contig_61		region	bakta				/root/autodl-tmp/abi-real-data/results/metagenomic_plasmid_srr11038083_codex_20260810_12vcpu_62gb/08_annotation/SRR11038083/final.contigs_plasmid.gff3
SRR11038083	contig_61	260	1351	+	HJHHLH_0155	hypothetical protein		CDS	bakta				/root/autodl-tmp/abi-real-data/results/metagenomic_plasmid_srr11038083_codex_20260810_12vcpu_62gb/08_annotation/SRR11038083/final.contigs_plasmid.gff3
SRR11038083	contig_62	1	481	+	contig_62	contig_62		region	bakta				/root/autodl-tmp/abi-real-data/results/metagenomic_plasmid_srr11038083_codex_20260810_12vcpu_62gb/08_annotation/SRR11038083/final.contigs_plasmid.gff3
SRR11038083	contig_63	1	2262	+	contig_63	contig_63		region	bakta				/root/autodl-tmp/abi-real-data/results/metagenomic_plasmid_srr11038083_codex_20260810_12vcpu_62gb/08_annotation/SRR11038083/final.contigs_plasmid.gff3
SRR11038083	contig_63	599	1831	+	HJHHLH_0156	hypothetical protein		CDS	bakta				/root/autodl-tmp/abi-real-data/results/metagenomic_plasmid_srr11038083_codex_20260810_12vcpu_62gb/08_annotation/SRR11038083/final.contigs_plasmid.gff3
SRR11038083	contig_64	1	5734	+	contig_64	contig_64		region	bakta				/root/autodl-tmp/abi-real-data/results/metagenomic_plasmid_srr11038083_codex_20260810_12vcpu_62gb/08_annotation/SRR11038083/final.contigs_plasmid.gff3
SRR11038083	contig_64	521	1768		HJHHLH_0157	Plasmid recombination enzyme		CDS	bakta	RefSeq:WP_015517767.1,SO:0001217,UniParc:UPI0001CD19C0,UniRef:UniRef100_A0AAQ1RXE2,UniRef:UniRef50_A0A830U7Z4,UniRef:UniRef90_D4LUC5			/root/autodl-tmp/abi-real-data/results/metagenomic_plasmid_srr11038083_codex_20260810_12vcpu_62gb/08_annotation/SRR11038083/final.contigs_plasmid.gff3
SRR11038083	contig_64	2220	3047	+	HJHHLH_0158	Bacterial toxin 44 domain-containing protein		CDS	bakta	SO:0001217,UniRef:UniRef50_F4LXI5,UniRef:UniRef90_A0AA37AE73			/root/autodl-tmp/abi-real-data/results/metagenomic_plasmid_srr11038083_codex_20260810_12vcpu_62gb/08_annotation/SRR11038083/final.contigs_plasmid.gff3
SRR11038083	contig_64	3095	3319		HJHHLH_0159	DUF3955 domain-containing protein		CDS	bakta	RefSeq:WP_272041204.1,SO:0001217,UniParc:UPI00061D573F,UniRef:UniRef100_A0A1C6JPS1,UniRef:UniRef50_A0A7V6SRM3,UniRef:UniRef90_A0A1C6JPS1			/root/autodl-tmp/abi-real-data/results/metagenomic_plasmid_srr11038083_codex_20260810_12vcpu_62gb/08_annotation/SRR11038083/final.contigs_plasmid.gff3
SRR11038083	contig_64	3370	3858		HJHHLH_0160	HTH merR-type domain-containing protein		CDS	bakta	SO:0001217,UniRef:UniRef50_A0A252F0F0,UniRef:UniRef90_A0AA37ELU5			/root/autodl-tmp/abi-real-data/results/metagenomic_plasmid_srr11038083_codex_20260810_12vcpu_62gb/08_annotation/SRR11038083/final.contigs_plasmid.gff3
SRR11038083	contig_64	3892	4170		HJHHLH_0161	Type II toxin-antitoxin system mRNA interferase toxin%2C RelE/StbE family		CDS	bakta	EC:3.1.-.-,KEGG:K19157,RefSeq:WP_015517764.1,SO:0001217,UniParc:UPI0001CD19BD,UniRef:UniRef100_A0A934WSV5,UniRef:UniRef50_A8S0R9,UniRef:UniRef90_A0A252F0R1			/root/autodl-tmp/abi-real-data/results/metagenomic_plasmid_srr11038083_codex_20260810_12vcpu_62gb/08_annotation/SRR11038083/final.contigs_plasmid.gff3
SRR11038083	contig_64	4163	4429		HJHHLH_0162	Type II toxin-antitoxin system antitoxin%2C RelB/DinJ family		CDS	bakta	KEGG:K07473,RefSeq:WP_036630097.1,SO:0001217,UniParc:UPI00056AD556,UniRef:UniRef100_A0AA37EKP9,UniRef:UniRef50_A0A356L1Q3,UniRef:UniRef90_A0A356L1Q3			/root/autodl-tmp/abi-real-data/results/metagenomic_plasmid_srr11038083_codex_20260810_12vcpu_62gb/08_annotation/SRR11038083/final.contigs_plasmid.gff3
SRR11038083	contig_64	4687	5301		HJHHLH_0163	hypothetical protein		CDS	bakta	SO:0001217,UniRef:UniRef50_A0A3A6CBN4,UniRef:UniRef90_A0A3A6CBN4			/root/autodl-tmp/abi-real-data/results/metagenomic_plasmid_srr11038083_codex_20260810_12vcpu_62gb/08_annotation/SRR11038083/final.contigs_plasmid.gff3
SRR11038083	contig_65	1	8353	+	contig_65	contig_65		region	bakta				/root/autodl-tmp/abi-real-data/results/metagenomic_plasmid_srr11038083_codex_20260810_12vcpu_62gb/08_annotation/SRR11038083/final.contigs_plasmid.gff3
SRR11038083	contig_65	627	866	+	HJHHLH_0164	hypothetical protein		CDS	bakta	RefSeq:WP_095641464.1,SO:0001217,UniParc:UPI000BAB43CB,UniRef:UniRef100_A0A2A2GDN9,UniRef:UniRef50_A0A1G9PE14,UniRef:UniRef90_A0A1G9PE14			/root/autodl-tmp/abi-real-data/results/metagenomic_plasmid_srr11038083_codex_20260810_12vcpu_62gb/08_annotation/SRR11038083/final.contigs_plasmid.gff3
SRR11038083	contig_65	893	1192		HJHHLH_0165	DUF6894 domain-containing protein		CDS	bakta	RefSeq:WP_205957899.1,SO:0001217,UniParc:UPI0019800815,UniRef:UniRef100_UPI0019800815,UniRef:UniRef50_A0A936Z9T8,UniRef:UniRef90_UPI0019800815			/root/autodl-tmp/abi-real-data/results/metagenomic_plasmid_srr11038083_codex_20260810_12vcpu_62gb/08_annotation/SRR11038083/final.contigs_plasmid.gff3
SRR11038083	contig_65	1336	1881		HJHHLH_0166	hypothetical protein		CDS	bakta	RefSeq:WP_095641463.1,SO:0001217,UniParc:UPI000BAB68BC,UniRef:UniRef100_A0A2A2GBC2,UniRef:UniRef50_A0A1W6CWM8,UniRef:UniRef90_A0A2A2GBC2			/root/autodl-tmp/abi-real-data/results/metagenomic_plasmid_srr11038083_codex_20260810_12vcpu_62gb/08_annotation/SRR11038083/final.contigs_plasmid.gff3
SRR11038083	contig_65	2289	2720	+	HJHHLH_0167	hypothetical protein		CDS	bakta	RefSeq:WP_135058885.1,SO:0001217,UniParc:UPI001072E9C4,UniRef:UniRef100_UPI001072E9C4,UniRef:UniRef50_UPI001072E9C4,UniRef:UniRef90_UPI001072E9C4			/root/autodl-tmp/abi-real-data/results/metagenomic_plasmid_srr11038083_codex_20260810_12vcpu_62gb/08_annotation/SRR11038083/final.contigs_plasmid.gff3
SRR11038083	contig_65	2777	2980	+	HJHHLH_0168	hypothetical protein		CDS	bakta	RefSeq:WP_135058884.1,SO:0001217,UniParc:UPI001072D4CE,UniRef:UniRef100_UPI001072D4CE,UniRef:UniRef50_UPI001072D4CE,UniRef:UniRef90_UPI001072D4CE			/root/autodl-tmp/abi-real-data/results/metagenomic_plasmid_srr11038083_codex_20260810_12vcpu_62gb/08_annotation/SRR11038083/final.contigs_plasmid.gff3
SRR11038083	contig_65	2997	3176		HJHHLH_0169	hypothetical protein		CDS	bakta	SO:0001217,UniParc:UPI000BABBC91,UniRef:UniRef100_A0A2A2GDU3,UniRef:UniRef50_A0A2A2GDU3,UniRef:UniRef90_A0A2A2GDU3			/root/autodl-tmp/abi-real-data/results/metagenomic_plasmid_srr11038083_codex_20260810_12vcpu_62gb/08_annotation/SRR11038083/final.contigs_plasmid.gff3
SRR11038083	contig_65	3629	4828		mobQ	MobQ family relaxase		CDS	bakta	SO:0001217,UniRef:UniRef50_A0A2A2GDU8,UniRef:UniRef90_A0A2A2GDU8			/root/autodl-tmp/abi-real-data/results/metagenomic_plasmid_srr11038083_codex_20260810_12vcpu_62gb/08_annotation/SRR11038083/final.contigs_plasmid.gff3
SRR11038083	contig_65	4851	5102	+	HJHHLH_0171	Mobilization protein		CDS	bakta	RefSeq:WP_095641460.1,SO:0001217,UniParc:UPI000BAB956C,UniRef:UniRef100_A0A2A2GDP4,UniRef:UniRef50_A0A1N7QSA5,UniRef:UniRef90_A0A2A2GDP4			/root/autodl-tmp/abi-real-data/results/metagenomic_plasmid_srr11038083_codex_20260810_12vcpu_62gb/08_annotation/SRR11038083/final.contigs_plasmid.gff3
SRR11038083	contig_65	5099	5662	+	HJHHLH_0172	Mobilization protein		CDS	bakta	RefSeq:WP_095641459.1,SO:0001217,UniParc:UPI000BABE770,UniRef:UniRef100_A0A2A2GE25,UniRef:UniRef50_A0A2A2GDQ7,UniRef:UniRef90_A0A2A2GE25			/root/autodl-tmp/abi-real-data/results/metagenomic_plasmid_srr11038083_codex_20260810_12vcpu_62gb/08_annotation/SRR11038083/final.contigs_plasmid.gff3
SRR11038083	contig_65	5669	6004		HJHHLH_0173	Helix-turn-helix domain-containing protein		CDS	bakta	RefSeq:WP_095641458.1,SO:0001217,UniParc:UPI000BABD86E,UniRef:UniRef100_A0A2A2GBS6,UniRef:UniRef50_A0AAN2DCE9,UniRef:UniRef90_A0A1G9PHL7			/root/autodl-tmp/abi-real-data/results/metagenomic_plasmid_srr11038083_codex_20260810_12vcpu_62gb/08_annotation/SRR11038083/final.contigs_plasmid.gff3
SRR11038083	contig_65	6001	6366		relE	Addiction module toxin RelE		CDS	bakta	SO:0001217,UniRef:UniRef50_I4C378,UniRef:UniRef90_A0A1G9PIR6			/root/autodl-tmp/abi-real-data/results/metagenomic_plasmid_srr11038083_codex_20260810_12vcpu_62gb/08_annotation/SRR11038083/final.contigs_plasmid.gff3
SRR11038083	contig_65	6614	6796	+	HJHHLH_0175	hypothetical protein		CDS	bakta				/root/autodl-tmp/abi-real-data/results/metagenomic_plasmid_srr11038083_codex_20260810_12vcpu_62gb/08_annotation/SRR11038083/final.contigs_plasmid.gff3
SRR11038083	contig_65	6798	7376	+	HJHHLH_0176	Helix-turn-helix domain-containing protein		CDS	bakta	SO:0001217,UniRef:UniRef50_A0A1W2EVN3,UniRef:UniRef90_A0A2W6SLZ7			/root/autodl-tmp/abi-real-data/results/metagenomic_plasmid_srr11038083_codex_20260810_12vcpu_62gb/08_annotation/SRR11038083/final.contigs_plasmid.gff3
SRR11038083	contig_65	7373	7558	+	HJHHLH_0177	hypothetical protein		CDS	bakta	RefSeq:WP_095641466.1,SO:0001217,UniParc:UPI000BAC05ED,UniRef:UniRef100_A0A2A2GDT3,UniRef:UniRef50_A0A4R2PE24,UniRef:UniRef90_A0A2A2GDT3			/root/autodl-tmp/abi-real-data/results/metagenomic_plasmid_srr11038083_codex_20260810_12vcpu_62gb/08_annotation/SRR11038083/final.contigs_plasmid.gff3
SRR11038083	contig_66	1	379	+	contig_66	contig_66		region	bakta				/root/autodl-tmp/abi-real-data/results/metagenomic_plasmid_srr11038083_codex_20260810_12vcpu_62gb/08_annotation/SRR11038083/final.contigs_plasmid.gff3
SRR11038083	contig_67	1	2864	+	contig_67	contig_67		region	bakta				/root/autodl-tmp/abi-real-data/results/metagenomic_plasmid_srr11038083_codex_20260810_12vcpu_62gb/08_annotation/SRR11038083/final.contigs_plasmid.gff3
SRR11038083	contig_67	42	608	+	repL	Plasmid replication protein RepL domain-containing protein		CDS	bakta	SO:0001217,UniRef:UniRef50_A0A418NCU9			/root/autodl-tmp/abi-real-data/results/metagenomic_plasmid_srr11038083_codex_20260810_12vcpu_62gb/08_annotation/SRR11038083/final.contigs_plasmid.gff3
SRR11038083	contig_67	1523	2272	+	HJHHLH_0179	hypothetical protein		CDS	bakta				/root/autodl-tmp/abi-real-data/results/metagenomic_plasmid_srr11038083_codex_20260810_12vcpu_62gb/08_annotation/SRR11038083/final.contigs_plasmid.gff3
SRR11038083	contig_68	1	1341	+	contig_68	contig_68		region	bakta				/root/autodl-tmp/abi-real-data/results/metagenomic_plasmid_srr11038083_codex_20260810_12vcpu_62gb/08_annotation/SRR11038083/final.contigs_plasmid.gff3
SRR11038083	contig_68	9	389	+	HJHHLH_0180	Initiator Replication family protein		CDS	bakta	SO:0001217,UniRef:UniRef50_A0A078QNR5			/root/autodl-tmp/abi-real-data/results/metagenomic_plasmid_srr11038083_codex_20260810_12vcpu_62gb/08_annotation/SRR11038083/final.contigs_plasmid.gff3
SRR11038083	contig_68	402	830	+	HJHHLH_0181	hypothetical protein		CDS	bakta	PFAM:PF21205.3			/root/autodl-tmp/abi-real-data/results/metagenomic_plasmid_srr11038083_codex_20260810_12vcpu_62gb/08_annotation/SRR11038083/final.contigs_plasmid.gff3
SRR11038083	contig_69	1	934	+	contig_69	contig_69		region	bakta				/root/autodl-tmp/abi-real-data/results/metagenomic_plasmid_srr11038083_codex_20260810_12vcpu_62gb/08_annotation/SRR11038083/final.contigs_plasmid.gff3
SRR11038083	contig_69	463	654		HJHHLH_0182	RNA polymerase		CDS	bakta	RefSeq:WP_001041614.1,SO:0001217,UniParc:UPI00000B1787,UniRef:UniRef100_D3INX7,UniRef:UniRef50_D3GN07,UniRef:UniRef90_D3INX7			/root/autodl-tmp/abi-real-data/results/metagenomic_plasmid_srr11038083_codex_20260810_12vcpu_62gb/08_annotation/SRR11038083/final.contigs_plasmid.gff3
SRR11038083	contig_70	1	2804	+	contig_70	contig_70		region	bakta				/root/autodl-tmp/abi-real-data/results/metagenomic_plasmid_srr11038083_codex_20260810_12vcpu_62gb/08_annotation/SRR11038083/final.contigs_plasmid.gff3
SRR11038083	contig_70	34	93		Bacillus-plasmid	Bacillus-plasmid RNA		ncRNA	bakta	RFAM:RF01691,SO:0000655			/root/autodl-tmp/abi-real-data/results/metagenomic_plasmid_srr11038083_codex_20260810_12vcpu_62gb/08_annotation/SRR11038083/final.contigs_plasmid.gff3
SRR11038083	contig_70	209	508	+	HJHHLH_0184	hypothetical protein		CDS	bakta				/root/autodl-tmp/abi-real-data/results/metagenomic_plasmid_srr11038083_codex_20260810_12vcpu_62gb/08_annotation/SRR11038083/final.contigs_plasmid.gff3
SRR11038083	contig_70	539	1720		HJHHLH_0185	hypothetical protein		CDS	bakta				/root/autodl-tmp/abi-real-data/results/metagenomic_plasmid_srr11038083_codex_20260810_12vcpu_62gb/08_annotation/SRR11038083/final.contigs_plasmid.gff3
SRR11038083	contig_70	2053	2739		HJHHLH_0186	hypothetical protein		CDS	bakta				/root/autodl-tmp/abi-real-data/results/metagenomic_plasmid_srr11038083_codex_20260810_12vcpu_62gb/08_annotation/SRR11038083/final.contigs_plasmid.gff3
SRR11038083	contig_71	1	527	+	contig_71	contig_71		region	bakta				/root/autodl-tmp/abi-real-data/results/metagenomic_plasmid_srr11038083_codex_20260810_12vcpu_62gb/08_annotation/SRR11038083/final.contigs_plasmid.gff3
SRR11038083	contig_71	288	401		HJHHLH_0187	hypothetical protein		CDS	bakta				/root/autodl-tmp/abi-real-data/results/metagenomic_plasmid_srr11038083_codex_20260810_12vcpu_62gb/08_annotation/SRR11038083/final.contigs_plasmid.gff3
SRR11038083	contig_72	1	1732	+	contig_72	contig_72		region	bakta				/root/autodl-tmp/abi-real-data/results/metagenomic_plasmid_srr11038083_codex_20260810_12vcpu_62gb/08_annotation/SRR11038083/final.contigs_plasmid.gff3
SRR11038083	contig_72	117	812	+	HJHHLH_0188	hypothetical protein		CDS	bakta				/root/autodl-tmp/abi-real-data/results/metagenomic_plasmid_srr11038083_codex_20260810_12vcpu_62gb/08_annotation/SRR11038083/final.contigs_plasmid.gff3
SRR11038083	contig_73	1	3565	+	contig_73	contig_73		region	bakta				/root/autodl-tmp/abi-real-data/results/metagenomic_plasmid_srr11038083_codex_20260810_12vcpu_62gb/08_annotation/SRR11038083/final.contigs_plasmid.gff3
SRR11038083	contig_73	504	767		HJHHLH_0189	hypothetical protein		CDS	bakta				/root/autodl-tmp/abi-real-data/results/metagenomic_plasmid_srr11038083_codex_20260810_12vcpu_62gb/08_annotation/SRR11038083/final.contigs_plasmid.gff3
SRR11038083	contig_73	779	1345		HJHHLH_0190	Tyr recombinase domain-containing protein		CDS	bakta	SO:0001217,UniRef:UniRef50_A0A096BAH5			/root/autodl-tmp/abi-real-data/results/metagenomic_plasmid_srr11038083_codex_20260810_12vcpu_62gb/08_annotation/SRR11038083/final.contigs_plasmid.gff3
SRR11038083	contig_73	1448	1693		HJHHLH_0191	hypothetical protein		CDS	bakta				/root/autodl-tmp/abi-real-data/results/metagenomic_plasmid_srr11038083_codex_20260810_12vcpu_62gb/08_annotation/SRR11038083/final.contigs_plasmid.gff3
SRR11038083	contig_73	1893	2363		HJHHLH_0192	hypothetical protein		CDS	bakta				/root/autodl-tmp/abi-real-data/results/metagenomic_plasmid_srr11038083_codex_20260810_12vcpu_62gb/08_annotation/SRR11038083/final.contigs_plasmid.gff3
SRR11038083	contig_73	2341	3333		HJHHLH_0193	hypothetical protein		CDS	bakta				/root/autodl-tmp/abi-real-data/results/metagenomic_plasmid_srr11038083_codex_20260810_12vcpu_62gb/08_annotation/SRR11038083/final.contigs_plasmid.gff3
SRR11038083	contig_74	1	6157	+	contig_74	contig_74		region	bakta				/root/autodl-tmp/abi-real-data/results/metagenomic_plasmid_srr11038083_codex_20260810_12vcpu_62gb/08_annotation/SRR11038083/final.contigs_plasmid.gff3
SRR11038083	contig_74	189	883	?	HJHHLHJKEC_425	origin of replication		oriC	bakta	similar to DNA sequence			/root/autodl-tmp/abi-real-data/results/metagenomic_plasmid_srr11038083_codex_20260810_12vcpu_62gb/08_annotation/SRR11038083/final.contigs_plasmid.gff3
SRR11038083	contig_74	237	337		RNAI	RNAI		ncRNA	bakta	RFAM:RF00106,SO:0000655			/root/autodl-tmp/abi-real-data/results/metagenomic_plasmid_srr11038083_codex_20260810_12vcpu_62gb/08_annotation/SRR11038083/final.contigs_plasmid.gff3
SRR11038083	contig_74	529	825		HJHHLH_0195	Plasmid replication initiation protein		CDS	bakta	SO:0001217,UniRef:UniRef50_A0A4Z0M9Y5,UniRef:UniRef90_A0A4Z0M9Y5			/root/autodl-tmp/abi-real-data/results/metagenomic_plasmid_srr11038083_codex_20260810_12vcpu_62gb/08_annotation/SRR11038083/final.contigs_plasmid.gff3
SRR11038083	contig_74	1183	1284	+	HJHHLH_0196	hypothetical protein		CDS	bakta				/root/autodl-tmp/abi-real-data/results/metagenomic_plasmid_srr11038083_codex_20260810_12vcpu_62gb/08_annotation/SRR11038083/final.contigs_plasmid.gff3
SRR11038083	contig_74	2153	3013	+	blaTEM-116	broad-spectrum class A beta-lactamase TEM-116		CDS	bakta	COG:COG2367,COG:V,EC:3.5.2.6,GO:0008800,KEGG:K18698,NCBIProtein:WP_000027050.1,RefSeq:WP_000027050.1,SO:0001217,UniParc:UPI000002E509,UniRef:UniRef100_Q79DR3,UniRef:UniRef50_P0AD63,UniRef:UniRef90_Q79DR3			/root/autodl-tmp/abi-real-data/results/metagenomic_plasmid_srr11038083_codex_20260810_12vcpu_62gb/08_annotation/SRR11038083/final.contigs_plasmid.gff3
SRR11038083	contig_74	3014	3983	?	HJHHLHJKEC_426	origin of replication		oriC	bakta	similar to DNA sequence			/root/autodl-tmp/abi-real-data/results/metagenomic_plasmid_srr11038083_codex_20260810_12vcpu_62gb/08_annotation/SRR11038083/final.contigs_plasmid.gff3
SRR11038083	contig_74	3224	3328		RNAI	RNAI		ncRNA	bakta	RFAM:RF00106,SO:0000655			/root/autodl-tmp/abi-real-data/results/metagenomic_plasmid_srr11038083_codex_20260810_12vcpu_62gb/08_annotation/SRR11038083/final.contigs_plasmid.gff3
SRR11038083	contig_74	4018	4212		HJHHLH_0199	Rop family plasmid primer RNA-binding protein		CDS	bakta	SO:0001217,UniRef:UniRef50_D3GN07,UniRef:UniRef90_UPI0019D07C2B			/root/autodl-tmp/abi-real-data/results/metagenomic_plasmid_srr11038083_codex_20260810_12vcpu_62gb/08_annotation/SRR11038083/final.contigs_plasmid.gff3
SRR11038083	contig_74	4247	4487	?	HJHHLHJKEC_433	origin of transfer		oriT	bakta	similar to DNA sequence			/root/autodl-tmp/abi-real-data/results/metagenomic_plasmid_srr11038083_codex_20260810_12vcpu_62gb/08_annotation/SRR11038083/final.contigs_plasmid.gff3
SRR11038083	contig_74	4496	4819	+	mobA	plasmid mobilization protein MobA		CDS	bakta	GO:0006355,RefSeq:WP_000166966.1,SO:0001217,UniParc:UPI00000B8E45,UniRef:UniRef100_G4VUV6,UniRef:UniRef50_G4VUV6,UniRef:UniRef90_G4VUV6			/root/autodl-tmp/abi-real-data/results/metagenomic_plasmid_srr11038083_codex_20260810_12vcpu_62gb/08_annotation/SRR11038083/final.contigs_plasmid.gff3
SRR11038083	contig_74	4788	5126	+	HJHHLH_0201	hypothetical protein		CDS	bakta	SO:0001217,UniRef:UniRef50_UPI002157023A,UniRef:UniRef90_UPI002157023A			/root/autodl-tmp/abi-real-data/results/metagenomic_plasmid_srr11038083_codex_20260810_12vcpu_62gb/08_annotation/SRR11038083/final.contigs_plasmid.gff3
SRR11038083	contig_74	5178	5450	+	HJHHLH_0202	HNH endonuclease		CDS	bakta	RefSeq:WP_001286144.1,SO:0001217,UniParc:UPI000263779A,UniRef:UniRef100_A0A625M2Y5,UniRef:UniRef50_F3BBL1,UniRef:UniRef90_A0A625M2Y5			/root/autodl-tmp/abi-real-data/results/metagenomic_plasmid_srr11038083_codex_20260810_12vcpu_62gb/08_annotation/SRR11038083/final.contigs_plasmid.gff3
SRR11038083	contig_74	5447	5851	+	HJHHLH_0203	hypothetical protein		CDS	bakta	RefSeq:WP_000014067.1,SO:0001217,UniParc:UPI0002637799,UniRef:UniRef100_A0A625MAN9,UniRef:UniRef50_A0A625MAN9,UniRef:UniRef90_A0A625MAN9			/root/autodl-tmp/abi-real-data/results/metagenomic_plasmid_srr11038083_codex_20260810_12vcpu_62gb/08_annotation/SRR11038083/final.contigs_plasmid.gff3
SRR11038083	contig_74	5957	6057		RNAI	RNAI		ncRNA	bakta	RFAM:RF00106,SO:0000655			/root/autodl-tmp/abi-real-data/results/metagenomic_plasmid_srr11038083_codex_20260810_12vcpu_62gb/08_annotation/SRR11038083/final.contigs_plasmid.gff3
SRR11038083	contig_75	1	2043	+	contig_75	contig_75		region	bakta				/root/autodl-tmp/abi-real-data/results/metagenomic_plasmid_srr11038083_codex_20260810_12vcpu_62gb/08_annotation/SRR11038083/final.contigs_plasmid.gff3
SRR11038083	contig_75	368	1393	+	HJHHLH_0205	Uncultured bacterium plasmid pRGI00992		CDS	bakta	SO:0001217,UniRef:UniRef50_W1I5P4			/root/autodl-tmp/abi-real-data/results/metagenomic_plasmid_srr11038083_codex_20260810_12vcpu_62gb/08_annotation/SRR11038083/final.contigs_plasmid.gff3
SRR11038083	contig_76	1	2154	+	contig_76	contig_76		region	bakta				/root/autodl-tmp/abi-real-data/results/metagenomic_plasmid_srr11038083_codex_20260810_12vcpu_62gb/08_annotation/SRR11038083/final.contigs_plasmid.gff3
SRR11038083	contig_76	555	995	+	HJHHLH_0206	Replication protein		CDS	bakta	RefSeq:WP_024192735.1,SO:0001217,UniParc:UPI000351604F,UniRef:UniRef100_R9R0Q5,UniRef:UniRef50_A0AA95GRP8,UniRef:UniRef90_R9R0Q5			/root/autodl-tmp/abi-real-data/results/metagenomic_plasmid_srr11038083_codex_20260810_12vcpu_62gb/08_annotation/SRR11038083/final.contigs_plasmid.gff3
SRR11038083	contig_76	1059	2027		mobV	MobV family relaxase		CDS	bakta	GO:0003677,GO:0006310,RefSeq:WP_112959175.1,SO:0001217,UniParc:UPI000DD7E630,UniRef:UniRef100_A0A5X7TNI0,UniRef:UniRef50_A0A6S5JZQ2,UniRef:UniRef90_A0A385EN21			/root/autodl-tmp/abi-real-data/results/metagenomic_plasmid_srr11038083_codex_20260810_12vcpu_62gb/08_annotation/SRR11038083/final.contigs_plasmid.gff3
SRR11038083	contig_77	1	2138	+	contig_77	contig_77		region	bakta				/root/autodl-tmp/abi-real-data/results/metagenomic_plasmid_srr11038083_codex_20260810_12vcpu_62gb/08_annotation/SRR11038083/final.contigs_plasmid.gff3
SRR11038083	contig_77	45	1121	+	HJHHLH_0208	hypothetical protein		CDS	bakta				/root/autodl-tmp/abi-real-data/results/metagenomic_plasmid_srr11038083_codex_20260810_12vcpu_62gb/08_annotation/SRR11038083/final.contigs_plasmid.gff3
SRR11038083	contig_77	1129	1416	+	HJHHLH_0209	hypothetical protein		CDS	bakta				/root/autodl-tmp/abi-real-data/results/metagenomic_plasmid_srr11038083_codex_20260810_12vcpu_62gb/08_annotation/SRR11038083/final.contigs_plasmid.gff3
SRR11038083	contig_77	1646	1843	+	HJHHLH_0210	hypothetical protein		CDS	bakta				/root/autodl-tmp/abi-real-data/results/metagenomic_plasmid_srr11038083_codex_20260810_12vcpu_62gb/08_annotation/SRR11038083/final.contigs_plasmid.gff3
SRR11038083	contig_78	1	2707	+	contig_78	contig_78		region	bakta				/root/autodl-tmp/abi-real-data/results/metagenomic_plasmid_srr11038083_codex_20260810_12vcpu_62gb/08_annotation/SRR11038083/final.contigs_plasmid.gff3
SRR11038083	contig_78	439	1539	+	mobV	MobV family relaxase		CDS	bakta	GO:0003677,GO:0006310,SO:0001217,UniRef:UniRef50_A0A0H5QPB6,UniRef:UniRef90_A0A0H5QPB6			/root/autodl-tmp/abi-real-data/results/metagenomic_plasmid_srr11038083_codex_20260810_12vcpu_62gb/08_annotation/SRR11038083/final.contigs_plasmid.gff3
SRR11038083	contig_78	1608	2069		HJHHLH_0212	Replication protein		CDS	bakta	SO:0001217,UniRef:UniRef50_G4XGN5			/root/autodl-tmp/abi-real-data/results/metagenomic_plasmid_srr11038083_codex_20260810_12vcpu_62gb/08_annotation/SRR11038083/final.contigs_plasmid.gff3
SRR11038083	contig_79	1	1963	+	contig_79	contig_79		region	bakta				/root/autodl-tmp/abi-real-data/results/metagenomic_plasmid_srr11038083_codex_20260810_12vcpu_62gb/08_annotation/SRR11038083/final.contigs_plasmid.gff3
SRR11038083	contig_79	243	776		repL	Firmicute plasmid replication protein RepL		CDS	bakta	RefSeq:WP_000893324.1,SO:0001217,UniParc:UPI0001DC64CA,UniRef:UniRef100_A0AAW7VKS6,UniRef:UniRef50_A0A2X7E7P2,UniRef:UniRef90_A0A2X7E7P2			/root/autodl-tmp/abi-real-data/results/metagenomic_plasmid_srr11038083_codex_20260810_12vcpu_62gb/08_annotation/SRR11038083/final.contigs_plasmid.gff3
SRR11038083	contig_79	1765	1950		HJHHLH_0214	hypothetical protein		CDS	bakta	SO:0001217,UniRef:UniRef50_UPI000B5BB7EA,UniRef:UniRef90_UPI0012604C4A			/root/autodl-tmp/abi-real-data/results/metagenomic_plasmid_srr11038083_codex_20260810_12vcpu_62gb/08_annotation/SRR11038083/final.contigs_plasmid.gff3
SRR11038083	contig_80	1	4382	+	contig_80	contig_80		region	bakta				/root/autodl-tmp/abi-real-data/results/metagenomic_plasmid_srr11038083_codex_20260810_12vcpu_62gb/08_annotation/SRR11038083/final.contigs_plasmid.gff3
SRR11038083	contig_80	227	1210		rlmN	Putative dual-specificity RNA methyltransferase RlmN		CDS	bakta	COG:COG0820,COG:J,EC:2.1.1.192,KEGG:K06941,RefSeq:WP_002584956.1,SO:0001217,UniParc:UPI00006DCF51,UniRef:UniRef100_A0A413M151,UniRef:UniRef50_A0A564TFQ6,UniRef:UniRef90_A0A6N2U007			/root/autodl-tmp/abi-real-data/results/metagenomic_plasmid_srr11038083_codex_20260810_12vcpu_62gb/08_annotation/SRR11038083/final.contigs_plasmid.gff3
SRR11038083	contig_80	1369	1812		HJHHLH_0216	HTH merR-type domain-containing protein		CDS	bakta	RefSeq:WP_228117300.1,SO:0001217,UniParc:UPI001D176955,UniRef:UniRef100_UPI001D176955,UniRef:UniRef50_A0A252F0F0,UniRef:UniRef90_A0A252F0F0			/root/autodl-tmp/abi-real-data/results/metagenomic_plasmid_srr11038083_codex_20260810_12vcpu_62gb/08_annotation/SRR11038083/final.contigs_plasmid.gff3
SRR11038083	contig_80	1885	2163		HJHHLH_0217	Type II toxin-antitoxin system mRNA interferase toxin%2C RelE/StbE family		CDS	bakta	EC:3.1.-.-,KEGG:K19157,RefSeq:WP_021632616.1,SO:0001217,UniParc:UPI000283A78F,UniRef:UniRef100_A0A252F0R1,UniRef:UniRef50_A8S0R9,UniRef:UniRef90_A0A252F0R1			/root/autodl-tmp/abi-real-data/results/metagenomic_plasmid_srr11038083_codex_20260810_12vcpu_62gb/08_annotation/SRR11038083/final.contigs_plasmid.gff3
SRR11038083	contig_80	2156	2422		HJHHLH_0218	Type II toxin-antitoxin system antitoxin%2C RelB/DinJ family		CDS	bakta	KEGG:K07473,RefSeq:WP_033119556.1,SO:0001217,UniParc:UPI0003FEC99E,UniRef:UniRef100_A0A252F0S0,UniRef:UniRef50_A0A356L1Q3,UniRef:UniRef90_A0A252F0S0			/root/autodl-tmp/abi-real-data/results/metagenomic_plasmid_srr11038083_codex_20260810_12vcpu_62gb/08_annotation/SRR11038083/final.contigs_plasmid.gff3
SRR11038083	contig_80	2678	4129		HJHHLH_0219	Replication protein		CDS	bakta	RefSeq:WP_199488597.1,SO:0001217,UniParc:UPI0001818461,UniRef:UniRef100_A0A4Z0Y7R7,UniRef:UniRef50_A0A142BVY2,UniRef:UniRef90_A0A2U1BCY5			/root/autodl-tmp/abi-real-data/results/metagenomic_plasmid_srr11038083_codex_20260810_12vcpu_62gb/08_annotation/SRR11038083/final.contigs_plasmid.gff3
SRR11038083	contig_81	1	10720	+	contig_81	contig_81		region	bakta				/root/autodl-tmp/abi-real-data/results/metagenomic_plasmid_srr11038083_codex_20260810_12vcpu_62gb/08_annotation/SRR11038083/final.contigs_plasmid.gff3
SRR11038083	contig_81	163	804	+	HJHHLH_0220	Plasmid replication protein origin binding domain-containing protein		CDS	bakta	SO:0001217,UniRef:UniRef50_A0A412LIW6,UniRef:UniRef90_A0A369L5W0			/root/autodl-tmp/abi-real-data/results/metagenomic_plasmid_srr11038083_codex_20260810_12vcpu_62gb/08_annotation/SRR11038083/final.contigs_plasmid.gff3
SRR11038083	contig_81	1455	2672	+	HJHHLH_0221	Recombinase		CDS	bakta	SO:0001217,UniRef:UniRef50_A0A6N6NLG3			/root/autodl-tmp/abi-real-data/results/metagenomic_plasmid_srr11038083_codex_20260810_12vcpu_62gb/08_annotation/SRR11038083/final.contigs_plasmid.gff3
SRR11038083	contig_81	2716	2952	+	HJHHLH_0222	Antitoxin		CDS	bakta	SO:0001217,UniRef:UniRef50_E1QW36			/root/autodl-tmp/abi-real-data/results/metagenomic_plasmid_srr11038083_codex_20260810_12vcpu_62gb/08_annotation/SRR11038083/final.contigs_plasmid.gff3
SRR11038083	contig_81	2936	3205	+	HJHHLH_0223	Type II toxin-antitoxin system RelE/ParE family toxin		CDS	bakta	SO:0001217,UniRef:UniRef50_G9PRA4,UniRef:UniRef90_A0A6N6NIR2			/root/autodl-tmp/abi-real-data/results/metagenomic_plasmid_srr11038083_codex_20260810_12vcpu_62gb/08_annotation/SRR11038083/final.contigs_plasmid.gff3
SRR11038083	contig_81	3271	3891	+	HJHHLH_0224	Rep family protein		CDS	bakta	SO:0001217,UniRef:UniRef50_UPI0034A0D9CA,UniRef:UniRef90_UPI00232BE705			/root/autodl-tmp/abi-real-data/results/metagenomic_plasmid_srr11038083_codex_20260810_12vcpu_62gb/08_annotation/SRR11038083/final.contigs_plasmid.gff3
SRR11038083	contig_81	4437	5729	+	mobV	MobV family relaxase		CDS	bakta	GO:0003677,GO:0006310,SO:0001217,UniRef:UniRef50_A0A0H5PY82,UniRef:UniRef90_A0A858B7Q3			/root/autodl-tmp/abi-real-data/results/metagenomic_plasmid_srr11038083_codex_20260810_12vcpu_62gb/08_annotation/SRR11038083/final.contigs_plasmid.gff3
SRR11038083	contig_81	5970	6701	+	HJHHLH_0226	Plasmid replication protein origin binding domain-containing protein		CDS	bakta	SO:0001217,UniParc:UPI00130123F2,UniRef:UniRef100_A0A6N6NNW5,UniRef:UniRef50_A0A6N6NNW5,UniRef:UniRef90_A0A6N6NNW5			/root/autodl-tmp/abi-real-data/results/metagenomic_plasmid_srr11038083_codex_20260810_12vcpu_62gb/08_annotation/SRR11038083/final.contigs_plasmid.gff3
SRR11038083	contig_81	7154	8233	+	mobV	MobV family relaxase		CDS	bakta	GO:0003677,GO:0006310,SO:0001217,UniRef:UniRef50_A0A395Y0J2,UniRef:UniRef90_A0A414PMS8			/root/autodl-tmp/abi-real-data/results/metagenomic_plasmid_srr11038083_codex_20260810_12vcpu_62gb/08_annotation/SRR11038083/final.contigs_plasmid.gff3
SRR11038083	contig_81	8283	8537	+	HJHHLH_0228	Toxin		CDS	bakta	RefSeq:WP_117638241.1,SO:0001217,UniParc:UPI0006309DC6,UniRef:UniRef100_A0A9E1GMR2,UniRef:UniRef50_A0A7K3Y0R8,UniRef:UniRef90_A0A414FTE3			/root/autodl-tmp/abi-real-data/results/metagenomic_plasmid_srr11038083_codex_20260810_12vcpu_62gb/08_annotation/SRR11038083/final.contigs_plasmid.gff3
SRR11038083	contig_81	8540	8821	+	HJHHLH_0229	Toxin-antitoxin system antitoxin subunit		CDS	bakta	SO:0001217,UniRef:UniRef50_A0A414FTB1,UniRef:UniRef90_A0A395Y0E9			/root/autodl-tmp/abi-real-data/results/metagenomic_plasmid_srr11038083_codex_20260810_12vcpu_62gb/08_annotation/SRR11038083/final.contigs_plasmid.gff3
SRR11038083	contig_81	9058	10035	+	HJHHLH_0230	replication initiation factor domain-containing protein		CDS	bakta	SO:0001217,UniRef:UniRef50_A0A425WEJ9,UniRef:UniRef90_UPI001D07CE5E			/root/autodl-tmp/abi-real-data/results/metagenomic_plasmid_srr11038083_codex_20260810_12vcpu_62gb/08_annotation/SRR11038083/final.contigs_plasmid.gff3
SRR11038083	contig_81	10233	10448	+	HJHHLH_0231	hypothetical protein		CDS	bakta				/root/autodl-tmp/abi-real-data/results/metagenomic_plasmid_srr11038083_codex_20260810_12vcpu_62gb/08_annotation/SRR11038083/final.contigs_plasmid.gff3
SRR11038083	contig_82	1	396	+	contig_82	contig_82		region	bakta				/root/autodl-tmp/abi-real-data/results/metagenomic_plasmid_srr11038083_codex_20260810_12vcpu_62gb/08_annotation/SRR11038083/final.contigs_plasmid.gff3
SRR11038083	contig_82	30	129	?	HJHHLHJKEC_434	origin of transfer		oriT	bakta	similar to DNA sequence			/root/autodl-tmp/abi-real-data/results/metagenomic_plasmid_srr11038083_codex_20260810_12vcpu_62gb/08_annotation/SRR11038083/final.contigs_plasmid.gff3
SRR11038083	contig_83	1	3625	+	contig_83	contig_83		region	bakta				/root/autodl-tmp/abi-real-data/results/metagenomic_plasmid_srr11038083_codex_20260810_12vcpu_62gb/08_annotation/SRR11038083/final.contigs_plasmid.gff3
SRR11038083	contig_83	393	821	+	HJHHLH_0232	hypothetical protein		CDS	bakta				/root/autodl-tmp/abi-real-data/results/metagenomic_plasmid_srr11038083_codex_20260810_12vcpu_62gb/08_annotation/SRR11038083/final.contigs_plasmid.gff3
SRR11038083	contig_83	1009	1236		HJHHLH_0233	DUF5348 domain-containing protein		CDS	bakta	SO:0001217,UniRef:UniRef50_A0A1Y4HFP7,UniRef:UniRef90_UPI00242FCC85			/root/autodl-tmp/abi-real-data/results/metagenomic_plasmid_srr11038083_codex_20260810_12vcpu_62gb/08_annotation/SRR11038083/final.contigs_plasmid.gff3
SRR11038083	contig_83	1251	1514		HJHHLH_0234	Txe/YoeB family addiction module toxin		CDS	bakta	GO:0008219,SO:0001217,UniRef:UniRef50_A0A1Y4LJT6,UniRef:UniRef90_UPI00195B5D86			/root/autodl-tmp/abi-real-data/results/metagenomic_plasmid_srr11038083_codex_20260810_12vcpu_62gb/08_annotation/SRR11038083/final.contigs_plasmid.gff3
SRR11038083	contig_83	1504	1773		HJHHLH_0235	type II toxin-antitoxin system Phd/YefM family antitoxin		CDS	bakta	RefSeq:WP_177305783.1,SO:0001217,UniParc:UPI0015A5FF50,UniRef:UniRef100_UPI0015A5FF50,UniRef:UniRef50_A0A1C6EW24,UniRef:UniRef90_UPI0015A5FF50			/root/autodl-tmp/abi-real-data/results/metagenomic_plasmid_srr11038083_codex_20260810_12vcpu_62gb/08_annotation/SRR11038083/final.contigs_plasmid.gff3
SRR11038083	contig_83	1860	3284		HJHHLH_0236	Replication protein		CDS	bakta	SO:0001217,UniRef:UniRef50_A0A1Y4L3A8			/root/autodl-tmp/abi-real-data/results/metagenomic_plasmid_srr11038083_codex_20260810_12vcpu_62gb/08_annotation/SRR11038083/final.contigs_plasmid.gff3
SRR11038083	contig_84	1	464	+	contig_84	contig_84		region	bakta				/root/autodl-tmp/abi-real-data/results/metagenomic_plasmid_srr11038083_codex_20260810_12vcpu_62gb/08_annotation/SRR11038083/final.contigs_plasmid.gff3
SRR11038083	contig_85	1	1787	+	contig_85	contig_85		region	bakta				/root/autodl-tmp/abi-real-data/results/metagenomic_plasmid_srr11038083_codex_20260810_12vcpu_62gb/08_annotation/SRR11038083/final.contigs_plasmid.gff3
SRR11038083	contig_85	360	462	+	RNAI	RNAI		ncRNA	bakta	RFAM:RF00106,SO:0000655			/root/autodl-tmp/abi-real-data/results/metagenomic_plasmid_srr11038083_codex_20260810_12vcpu_62gb/08_annotation/SRR11038083/final.contigs_plasmid.gff3
SRR11038083	contig_85	563	1273		marR	MarR family transcriptional regulator		CDS	bakta	SO:0001217,UniRef:UniRef50_A0A3R9EXZ7,UniRef:UniRef90_A0A745D0Q4			/root/autodl-tmp/abi-real-data/results/metagenomic_plasmid_srr11038083_codex_20260810_12vcpu_62gb/08_annotation/SRR11038083/final.contigs_plasmid.gff3
SRR11038083	contig_86	1	3838	+	contig_86	contig_86		region	bakta				/root/autodl-tmp/abi-real-data/results/metagenomic_plasmid_srr11038083_codex_20260810_12vcpu_62gb/08_annotation/SRR11038083/final.contigs_plasmid.gff3
SRR11038083	contig_86	15	821		HJHHLH_0239	replication initiation protein		CDS	bakta	RefSeq:WP_337554118.1,SO:0001217,UniParc:UPI00307A5FB9,UniRef:UniRef100_UPI00307A5FB9,UniRef:UniRef50_A0A0H5Q692,UniRef:UniRef90_UPI00307A5FB9			/root/autodl-tmp/abi-real-data/results/metagenomic_plasmid_srr11038083_codex_20260810_12vcpu_62gb/08_annotation/SRR11038083/final.contigs_plasmid.gff3
SRR11038083	contig_86	1101	1346		HJHHLH_0240	hypothetical protein		CDS	bakta	RefSeq:WP_337554119.1,SO:0001217,UniParc:UPI00307A781F,UniRef:UniRef100_UPI00307A781F,UniRef:UniRef50_UPI00307A781F,UniRef:UniRef90_UPI00307A781F			/root/autodl-tmp/abi-real-data/results/metagenomic_plasmid_srr11038083_codex_20260810_12vcpu_62gb/08_annotation/SRR11038083/final.contigs_plasmid.gff3
SRR11038083	contig_86	1760	3475		HJHHLH_0241	hypothetical protein		CDS	bakta				/root/autodl-tmp/abi-real-data/results/metagenomic_plasmid_srr11038083_codex_20260810_12vcpu_62gb/08_annotation/SRR11038083/final.contigs_plasmid.gff3
SRR11038083	contig_87	1	560	+	contig_87	contig_87		region	bakta				/root/autodl-tmp/abi-real-data/results/metagenomic_plasmid_srr11038083_codex_20260810_12vcpu_62gb/08_annotation/SRR11038083/final.contigs_plasmid.gff3
SRR11038083	contig_87	86	418	+	HJHHLH_0242	hypothetical protein		CDS	bakta				/root/autodl-tmp/abi-real-data/results/metagenomic_plasmid_srr11038083_codex_20260810_12vcpu_62gb/08_annotation/SRR11038083/final.contigs_plasmid.gff3
SRR11038083	contig_88	1	3502	+	contig_88	contig_88		region	bakta				/root/autodl-tmp/abi-real-data/results/metagenomic_plasmid_srr11038083_codex_20260810_12vcpu_62gb/08_annotation/SRR11038083/final.contigs_plasmid.gff3
SRR11038083	contig_88	15	2357	+	HJHHLH_0243	class I SAM-dependent DNA methyltransferase		CDS	bakta	SO:0001217,UniRef:UniRef50_UPI003515336B			/root/autodl-tmp/abi-real-data/results/metagenomic_plasmid_srr11038083_codex_20260810_12vcpu_62gb/08_annotation/SRR11038083/final.contigs_plasmid.gff3
SRR11038083	contig_88	2361	2792		HJHHLH_0244	hypothetical protein		CDS	bakta				/root/autodl-tmp/abi-real-data/results/metagenomic_plasmid_srr11038083_codex_20260810_12vcpu_62gb/08_annotation/SRR11038083/final.contigs_plasmid.gff3
SRR11038083	contig_88	2899	3480		HJHHLH_0245	hypothetical protein		CDS	bakta				/root/autodl-tmp/abi-real-data/results/metagenomic_plasmid_srr11038083_codex_20260810_12vcpu_62gb/08_annotation/SRR11038083/final.contigs_plasmid.gff3
SRR11038083	contig_89	1	902	+	contig_89	contig_89		region	bakta				/root/autodl-tmp/abi-real-data/results/metagenomic_plasmid_srr11038083_codex_20260810_12vcpu_62gb/08_annotation/SRR11038083/final.contigs_plasmid.gff3
SRR11038083	contig_90	1	644	+	contig_90	contig_90		region	bakta				/root/autodl-tmp/abi-real-data/results/metagenomic_plasmid_srr11038083_codex_20260810_12vcpu_62gb/08_annotation/SRR11038083/final.contigs_plasmid.gff3
SRR11038083	contig_90	48	638	+	HJHHLH_0246	hypothetical protein		CDS	bakta				/root/autodl-tmp/abi-real-data/results/metagenomic_plasmid_srr11038083_codex_20260810_12vcpu_62gb/08_annotation/SRR11038083/final.contigs_plasmid.gff3
SRR11038083	contig_91	1	2802	+	contig_91	contig_91		region	bakta				/root/autodl-tmp/abi-real-data/results/metagenomic_plasmid_srr11038083_codex_20260810_12vcpu_62gb/08_annotation/SRR11038083/final.contigs_plasmid.gff3
SRR11038083	contig_91	40	321		HJHHLH_0247	hypothetical protein		CDS	bakta				/root/autodl-tmp/abi-real-data/results/metagenomic_plasmid_srr11038083_codex_20260810_12vcpu_62gb/08_annotation/SRR11038083/final.contigs_plasmid.gff3
SRR11038083	contig_91	200	276		Bacillus-plasmid	Bacillus-plasmid RNA		ncRNA	bakta	RFAM:RF01691,SO:0000655			/root/autodl-tmp/abi-real-data/results/metagenomic_plasmid_srr11038083_codex_20260810_12vcpu_62gb/08_annotation/SRR11038083/final.contigs_plasmid.gff3
SRR11038083	contig_91	337	768		repL	replication/maintenance protein RepL		CDS	bakta	SO:0001217,UniRef:UniRef50_O50587,UniRef:UniRef90_UPI002620C8AB			/root/autodl-tmp/abi-real-data/results/metagenomic_plasmid_srr11038083_codex_20260810_12vcpu_62gb/08_annotation/SRR11038083/final.contigs_plasmid.gff3
SRR11038083	contig_91	1846	2289		HJHHLH_0250	HTH crp-type domain-containing protein		CDS	bakta	SO:0001217,UniRef:UniRef50_A0A0M1LZ37			/root/autodl-tmp/abi-real-data/results/metagenomic_plasmid_srr11038083_codex_20260810_12vcpu_62gb/08_annotation/SRR11038083/final.contigs_plasmid.gff3
SRR11038083	contig_92	1	3044	+	contig_92	contig_92		region	bakta				/root/autodl-tmp/abi-real-data/results/metagenomic_plasmid_srr11038083_codex_20260810_12vcpu_62gb/08_annotation/SRR11038083/final.contigs_plasmid.gff3
SRR11038083	contig_92	148	609	+	HJHHLH_0251	hypothetical protein		CDS	bakta	RefSeq:WP_166428529.1,SO:0001217,UniParc:UPI00140E4702,UniRef:UniRef100_UPI00140E4702,UniRef:UniRef50_D3INY5,UniRef:UniRef90_D3INY5			/root/autodl-tmp/abi-real-data/results/metagenomic_plasmid_srr11038083_codex_20260810_12vcpu_62gb/08_annotation/SRR11038083/final.contigs_plasmid.gff3
SRR11038083	contig_92	1301	1450		mazE	Antitoxin MazE		CDS	bakta	SO:0001217,UniRef:UniRef50_A0A853H9N2,UniRef:UniRef90_A0A853H9N2			/root/autodl-tmp/abi-real-data/results/metagenomic_plasmid_srr11038083_codex_20260810_12vcpu_62gb/08_annotation/SRR11038083/final.contigs_plasmid.gff3
SRR11038083	contig_92	1479	1550	?	HJHHLHJKEC_435	origin of transfer		oriT	bakta	similar to DNA sequence			/root/autodl-tmp/abi-real-data/results/metagenomic_plasmid_srr11038083_codex_20260810_12vcpu_62gb/08_annotation/SRR11038083/final.contigs_plasmid.gff3
SRR11038083	contig_93	1	446	+	contig_93	contig_93		region	bakta				/root/autodl-tmp/abi-real-data/results/metagenomic_plasmid_srr11038083_codex_20260810_12vcpu_62gb/08_annotation/SRR11038083/final.contigs_plasmid.gff3
SRR11038083	contig_94	1	648	+	contig_94	contig_94		region	bakta				/root/autodl-tmp/abi-real-data/results/metagenomic_plasmid_srr11038083_codex_20260810_12vcpu_62gb/08_annotation/SRR11038083/final.contigs_plasmid.gff3
SRR11038083	contig_95	1	465	+	contig_95	contig_95		region	bakta				/root/autodl-tmp/abi-real-data/results/metagenomic_plasmid_srr11038083_codex_20260810_12vcpu_62gb/08_annotation/SRR11038083/final.contigs_plasmid.gff3
SRR11038083	contig_95	41	322	+	HJHHLH_0253	hypothetical protein		CDS	bakta	PFAM:PF13545.12			/root/autodl-tmp/abi-real-data/results/metagenomic_plasmid_srr11038083_codex_20260810_12vcpu_62gb/08_annotation/SRR11038083/final.contigs_plasmid.gff3
SRR11038083	contig_95	383	459	+	Bacillus-plasmid	Bacillus-plasmid RNA		ncRNA	bakta	RFAM:RF01691,SO:0000655			/root/autodl-tmp/abi-real-data/results/metagenomic_plasmid_srr11038083_codex_20260810_12vcpu_62gb/08_annotation/SRR11038083/final.contigs_plasmid.gff3
SRR11038083	contig_96	1	5735	+	contig_96	contig_96		region	bakta				/root/autodl-tmp/abi-real-data/results/metagenomic_plasmid_srr11038083_codex_20260810_12vcpu_62gb/08_annotation/SRR11038083/final.contigs_plasmid.gff3
SRR11038083	contig_96	258	656		HJHHLH_0255	Exo-poly-alpha-D-galacturonosidase		CDS	bakta	RefSeq:WP_005799260.1,SO:0001217,UniParc:UPI000175DE20,UniRef:UniRef100_A0A7J5L8S8,UniRef:UniRef50_Q8ABW2,UniRef:UniRef90_A0A7J5L8S8			/root/autodl-tmp/abi-real-data/results/metagenomic_plasmid_srr11038083_codex_20260810_12vcpu_62gb/08_annotation/SRR11038083/final.contigs_plasmid.gff3
SRR11038083	contig_96	693	1013		HJHHLH_0256	mRNA interferase		CDS	bakta	RefSeq:WP_005799262.1,SO:0001217,UniParc:UPI000175DE29,UniRef:UniRef100_A0A6L5TEG2,UniRef:UniRef50_A0A6N3AD02,UniRef:UniRef90_A0A6N2XIB6			/root/autodl-tmp/abi-real-data/results/metagenomic_plasmid_srr11038083_codex_20260810_12vcpu_62gb/08_annotation/SRR11038083/final.contigs_plasmid.gff3
SRR11038083	contig_96	1007	1255		HJHHLH_0257	SpoVT-AbrB domain-containing protein		CDS	bakta	RefSeq:WP_005812783.1,SO:0001217,UniParc:UPI000175DE27,UniRef:UniRef100_A0A6L5TDG4,UniRef:UniRef50_A0A6N3AD62,UniRef:UniRef90_A0A6N3AD62			/root/autodl-tmp/abi-real-data/results/metagenomic_plasmid_srr11038083_codex_20260810_12vcpu_62gb/08_annotation/SRR11038083/final.contigs_plasmid.gff3
SRR11038083	contig_96	1661	2911	+	HJHHLH_0258	MobA/VirD2-like nuclease domain-containing protein		CDS	bakta	RefSeq:WP_373152145.1,SO:0001217,UniParc:UPI0030976B1A,UniRef:UniRef100_UPI00356B2719,UniRef:UniRef50_A0A7J5LA03,UniRef:UniRef90_A0A7J5LA03			/root/autodl-tmp/abi-real-data/results/metagenomic_plasmid_srr11038083_codex_20260810_12vcpu_62gb/08_annotation/SRR11038083/final.contigs_plasmid.gff3
SRR11038083	contig_96	2981	3751		HJHHLH_0259	DUF1735 domain-containing protein		CDS	bakta	RefSeq:WP_005799241.1,SO:0001217,UniParc:UPI0000DD0433,UniRef:UniRef100_A0A0E2AV30,UniRef:UniRef50_F8N549,UniRef:UniRef90_R9HTR9			/root/autodl-tmp/abi-real-data/results/metagenomic_plasmid_srr11038083_codex_20260810_12vcpu_62gb/08_annotation/SRR11038083/final.contigs_plasmid.gff3
SRR11038083	contig_96	3843	4304	+	HJHHLH_0260	Integral membrane protein		CDS	bakta	RefSeq:WP_005812785.1,SO:0001217,UniParc:UPI0002809056,UniRef:UniRef100_R9HKW0,UniRef:UniRef50_B6VWG1,UniRef:UniRef90_A0A7J5RCC2			/root/autodl-tmp/abi-real-data/results/metagenomic_plasmid_srr11038083_codex_20260810_12vcpu_62gb/08_annotation/SRR11038083/final.contigs_plasmid.gff3
SRR11038083	contig_96	4308	5357		HJHHLH_0261	Replication protein		CDS	bakta	RefSeq:WP_005799258.1,SO:0001217,UniParc:UPI00017A2CFA,UniRef:UniRef100_A0A7J5KXR3,UniRef:UniRef50_R9HKJ7,UniRef:UniRef90_A0A7J5KXR3			/root/autodl-tmp/abi-real-data/results/metagenomic_plasmid_srr11038083_codex_20260810_12vcpu_62gb/08_annotation/SRR11038083/final.contigs_plasmid.gff3
SRR11038083	contig_97	1	440	+	contig_97	contig_97		region	bakta				/root/autodl-tmp/abi-real-data/results/metagenomic_plasmid_srr11038083_codex_20260810_12vcpu_62gb/08_annotation/SRR11038083/final.contigs_plasmid.gff3
SRR11038083	contig_98	1	1832	+	contig_98	contig_98		region	bakta				/root/autodl-tmp/abi-real-data/results/metagenomic_plasmid_srr11038083_codex_20260810_12vcpu_62gb/08_annotation/SRR11038083/final.contigs_plasmid.gff3
SRR11038083	contig_98	514	1500		HJHHLH_0262	protein rep		CDS	bakta	RefSeq:WP_068556561.1,SO:0001217,UniParc:UPI000839A53F,UniRef:UniRef100_UPI002243FDCA,UniRef:UniRef90_A0A0H5Q7V1			/root/autodl-tmp/abi-real-data/results/metagenomic_plasmid_srr11038083_codex_20260810_12vcpu_62gb/08_annotation/SRR11038083/final.contigs_plasmid.gff3
SRR11038083	contig_99	1	1680	+	contig_99	contig_99		region	bakta				/root/autodl-tmp/abi-real-data/results/metagenomic_plasmid_srr11038083_codex_20260810_12vcpu_62gb/08_annotation/SRR11038083/final.contigs_plasmid.gff3
SRR11038083	contig_99	1	915	?	HJHHLHJKEC_427	origin of replication		oriC	bakta	similar to DNA sequence			/root/autodl-tmp/abi-real-data/results/metagenomic_plasmid_srr11038083_codex_20260810_12vcpu_62gb/08_annotation/SRR11038083/final.contigs_plasmid.gff3
SRR11038083	contig_99	728	837	?	HJHHLHJKEC_436	origin of transfer		oriT	bakta	similar to DNA sequence			/root/autodl-tmp/abi-real-data/results/metagenomic_plasmid_srr11038083_codex_20260810_12vcpu_62gb/08_annotation/SRR11038083/final.contigs_plasmid.gff3
SRR11038083	contig_99	916	1392	+	HJHHLH_0263	HTH domain-containing protein		CDS	bakta	RefSeq:WP_000469298.1,SO:0001217,UniParc:UPI00000B2CDE,UniRef:UniRef100_O07102,UniRef:UniRef50_A0A0H5PZW6,UniRef:UniRef90_O07102			/root/autodl-tmp/abi-real-data/results/metagenomic_plasmid_srr11038083_codex_20260810_12vcpu_62gb/08_annotation/SRR11038083/final.contigs_plasmid.gff3
SRR11038083	contig_100	1	5242	+	contig_100	contig_100		region	bakta				/root/autodl-tmp/abi-real-data/results/metagenomic_plasmid_srr11038083_codex_20260810_12vcpu_62gb/08_annotation/SRR11038083/final.contigs_plasmid.gff3
SRR11038083	contig_100	117	770	+	HJHHLH_0264	hypothetical protein		CDS	bakta				/root/autodl-tmp/abi-real-data/results/metagenomic_plasmid_srr11038083_codex_20260810_12vcpu_62gb/08_annotation/SRR11038083/final.contigs_plasmid.gff3
SRR11038083	contig_100	875	1444	+	HJHHLH_0265	hypothetical protein		CDS	bakta				/root/autodl-tmp/abi-real-data/results/metagenomic_plasmid_srr11038083_codex_20260810_12vcpu_62gb/08_annotation/SRR11038083/final.contigs_plasmid.gff3
SRR11038083	contig_100	1925	2683		HJHHLH_0266	Histidine phosphatase family protein		CDS	bakta	SO:0001217,UniRef:UniRef50_A0A2A2G9J3,UniRef:UniRef90_A0A2A2G9J3			/root/autodl-tmp/abi-real-data/results/metagenomic_plasmid_srr11038083_codex_20260810_12vcpu_62gb/08_annotation/SRR11038083/final.contigs_plasmid.gff3
SRR11038083	contig_100	2649	2855		HJHHLH_0267	hypothetical protein		CDS	bakta				/root/autodl-tmp/abi-real-data/results/metagenomic_plasmid_srr11038083_codex_20260810_12vcpu_62gb/08_annotation/SRR11038083/final.contigs_plasmid.gff3
SRR11038083	contig_100	2904	3674	+	cbtA	Cobalt transporter%2C subunit CbtA		CDS	bakta	SO:0001217,UniRef:UniRef50_S5XVA7			/root/autodl-tmp/abi-real-data/results/metagenomic_plasmid_srr11038083_codex_20260810_12vcpu_62gb/08_annotation/SRR11038083/final.contigs_plasmid.gff3
SRR11038083	contig_100	3895	4281		HJHHLH_0269	DNA-binding protein		CDS	bakta	SO:0001217,UniRef:UniRef50_A0A5C7L8V6			/root/autodl-tmp/abi-real-data/results/metagenomic_plasmid_srr11038083_codex_20260810_12vcpu_62gb/08_annotation/SRR11038083/final.contigs_plasmid.gff3
SRR11038083	contig_100	4354	4629		HJHHLH_0270	DUF2442 domain-containing protein		CDS	bakta	RefSeq:WP_095641524.1,SO:0001217,UniParc:UPI00065CB42E,UniRef:UniRef100_A0A2A2GAC2,UniRef:UniRef50_K9YZN8,UniRef:UniRef90_A0A2A2GAC2			/root/autodl-tmp/abi-real-data/results/metagenomic_plasmid_srr11038083_codex_20260810_12vcpu_62gb/08_annotation/SRR11038083/final.contigs_plasmid.gff3
SRR11038083	contig_100	4610	4852		HJHHLH_0271	DUF4160 domain-containing protein		CDS	bakta	RefSeq:WP_095641525.1,SO:0001217,UniParc:UPI00065CC490,UniRef:UniRef100_A0A2A2GA81,UniRef:UniRef50_W8L5W2,UniRef:UniRef90_A0A2A2GA81			/root/autodl-tmp/abi-real-data/results/metagenomic_plasmid_srr11038083_codex_20260810_12vcpu_62gb/08_annotation/SRR11038083/final.contigs_plasmid.gff3
SRR11038083	contig_100	4852	5142		HJHHLH_0272	hypothetical protein		CDS	bakta				/root/autodl-tmp/abi-real-data/results/metagenomic_plasmid_srr11038083_codex_20260810_12vcpu_62gb/08_annotation/SRR11038083/final.contigs_plasmid.gff3
SRR11038083	contig_101	1	558	+	contig_101	contig_101		region	bakta				/root/autodl-tmp/abi-real-data/results/metagenomic_plasmid_srr11038083_codex_20260810_12vcpu_62gb/08_annotation/SRR11038083/final.contigs_plasmid.gff3
SRR11038083	contig_101	21	323	+	HJHHLH_0273	hypothetical protein		CDS	bakta				/root/autodl-tmp/abi-real-data/results/metagenomic_plasmid_srr11038083_codex_20260810_12vcpu_62gb/08_annotation/SRR11038083/final.contigs_plasmid.gff3
SRR11038083	contig_102	1	1436	+	contig_102	contig_102		region	bakta				/root/autodl-tmp/abi-real-data/results/metagenomic_plasmid_srr11038083_codex_20260810_12vcpu_62gb/08_annotation/SRR11038083/final.contigs_plasmid.gff3
SRR11038083	contig_102	90	884	+	mbpB	mobilization protein MbpB		CDS	bakta	RefSeq:WP_007560590.1,SO:0001217,UniParc:UPI00000AEE2B,UniRef:UniRef100_A0A413ZGC1,UniRef:UniRef50_A0A3E5DKV8,UniRef:UniRef90_B3JMD8			/root/autodl-tmp/abi-real-data/results/metagenomic_plasmid_srr11038083_codex_20260810_12vcpu_62gb/08_annotation/SRR11038083/final.contigs_plasmid.gff3
SRR11038083	contig_102	841	1293	+	mbpC	mobilization protein MbpC		CDS	bakta	SO:0001217,UniRef:UniRef50_I9PI14,UniRef:UniRef90_A0A413ZG21			/root/autodl-tmp/abi-real-data/results/metagenomic_plasmid_srr11038083_codex_20260810_12vcpu_62gb/08_annotation/SRR11038083/final.contigs_plasmid.gff3
SRR11038083	contig_103	1	351	+	contig_103	contig_103		region	bakta				/root/autodl-tmp/abi-real-data/results/metagenomic_plasmid_srr11038083_codex_20260810_12vcpu_62gb/08_annotation/SRR11038083/final.contigs_plasmid.gff3
SRR11038083	contig_104	1	3785	+	contig_104	contig_104		region	bakta				/root/autodl-tmp/abi-real-data/results/metagenomic_plasmid_srr11038083_codex_20260810_12vcpu_62gb/08_annotation/SRR11038083/final.contigs_plasmid.gff3
SRR11038083	contig_104	783	1979	+	HJHHLH_0276	hypothetical protein		CDS	bakta				/root/autodl-tmp/abi-real-data/results/metagenomic_plasmid_srr11038083_codex_20260810_12vcpu_62gb/08_annotation/SRR11038083/final.contigs_plasmid.gff3
SRR11038083	contig_104	2052	3386		HJHHLH_0277	hypothetical protein		CDS	bakta				/root/autodl-tmp/abi-real-data/results/metagenomic_plasmid_srr11038083_codex_20260810_12vcpu_62gb/08_annotation/SRR11038083/final.contigs_plasmid.gff3
SRR11038083	contig_105	1	2004	+	contig_105	contig_105		region	bakta				/root/autodl-tmp/abi-real-data/results/metagenomic_plasmid_srr11038083_codex_20260810_12vcpu_62gb/08_annotation/SRR11038083/final.contigs_plasmid.gff3
SRR11038083	contig_105	101	1222	+	mobV	MobV family relaxase		CDS	bakta	GO:0003677,GO:0006310,SO:0001217,UniRef:UniRef50_A0A6N2QVD0,UniRef:UniRef90_A0A6N2QVD0			/root/autodl-tmp/abi-real-data/results/metagenomic_plasmid_srr11038083_codex_20260810_12vcpu_62gb/08_annotation/SRR11038083/final.contigs_plasmid.gff3
SRR11038083	contig_105	1289	1507		HJHHLH_0279	hypothetical protein		CDS	bakta	RefSeq:WP_276676805.1,SO:0001217,UniParc:UPI0023F417C9,UniRef:UniRef100_UPI0023F417C9,UniRef:UniRef50_A0A6N2QVL6,UniRef:UniRef90_A0A6N2QVL6			/root/autodl-tmp/abi-real-data/results/metagenomic_plasmid_srr11038083_codex_20260810_12vcpu_62gb/08_annotation/SRR11038083/final.contigs_plasmid.gff3
SRR11038083	contig_105	1504	1992		HJHHLH_0280	Firmicute plasmid replication protein (RepL)		CDS	bakta	SO:0001217,UniRef:UniRef50_A0A9W5PJ66,UniRef:UniRef90_A0A6N2QU38			/root/autodl-tmp/abi-real-data/results/metagenomic_plasmid_srr11038083_codex_20260810_12vcpu_62gb/08_annotation/SRR11038083/final.contigs_plasmid.gff3
SRR11038083	contig_106	1	2171	+	contig_106	contig_106		region	bakta				/root/autodl-tmp/abi-real-data/results/metagenomic_plasmid_srr11038083_codex_20260810_12vcpu_62gb/08_annotation/SRR11038083/final.contigs_plasmid.gff3
SRR11038083	contig_106	45	560	+	HJHHLH_0281	hypothetical protein		CDS	bakta				/root/autodl-tmp/abi-real-data/results/metagenomic_plasmid_srr11038083_codex_20260810_12vcpu_62gb/08_annotation/SRR11038083/final.contigs_plasmid.gff3
SRR11038083	contig_107	1	1100	+	contig_107	contig_107		region	bakta				/root/autodl-tmp/abi-real-data/results/metagenomic_plasmid_srr11038083_codex_20260810_12vcpu_62gb/08_annotation/SRR11038083/final.contigs_plasmid.gff3
SRR11038083	contig_107	686	1060		HJHHLH_0282	hypothetical protein		CDS	bakta				/root/autodl-tmp/abi-real-data/results/metagenomic_plasmid_srr11038083_codex_20260810_12vcpu_62gb/08_annotation/SRR11038083/final.contigs_plasmid.gff3
SRR11038083	contig_108	1	6599	+	contig_108	contig_108		region	bakta				/root/autodl-tmp/abi-real-data/results/metagenomic_plasmid_srr11038083_codex_20260810_12vcpu_62gb/08_annotation/SRR11038083/final.contigs_plasmid.gff3
SRR11038083	contig_108	145	807	+	HJHHLH_0283	hypothetical protein		CDS	bakta	RefSeq:WP_007844268.1,SO:0001217,UniParc:UPI0001A277A6,UniRef:UniRef100_A0A9D9N1Z6,UniRef:UniRef50_A0A412XQV2,UniRef:UniRef90_A0A412XQV2			/root/autodl-tmp/abi-real-data/results/metagenomic_plasmid_srr11038083_codex_20260810_12vcpu_62gb/08_annotation/SRR11038083/final.contigs_plasmid.gff3
SRR11038083	contig_108	779	1000	+	HJHHLH_0284	hypothetical protein		CDS	bakta	RefSeq:WP_258469422.1,SO:0001217,UniParc:UPI000A7CB615,UniRef:UniRef100_A0A412XQT4,UniRef:UniRef50_A0A1Y4D188,UniRef:UniRef90_A0A0J6F7F2			/root/autodl-tmp/abi-real-data/results/metagenomic_plasmid_srr11038083_codex_20260810_12vcpu_62gb/08_annotation/SRR11038083/final.contigs_plasmid.gff3
SRR11038083	contig_108	1068	1568	+	HJHHLH_0285	PCRF domain-containing protein		CDS	bakta	SO:0001217,UniRef:UniRef50_A0A413ZH58,UniRef:UniRef90_A0A0J6CF11			/root/autodl-tmp/abi-real-data/results/metagenomic_plasmid_srr11038083_codex_20260810_12vcpu_62gb/08_annotation/SRR11038083/final.contigs_plasmid.gff3
SRR11038083	contig_108	2239	3138		mobB	MobB		CDS	bakta	RefSeq:WP_071147994.1,SO:0001217,UniParc:UPI0008DAE527,UniRef:UniRef100_UPI0008DAE527,UniRef:UniRef50_K9EDY1,UniRef:UniRef90_A0A8A5TIW2			/root/autodl-tmp/abi-real-data/results/metagenomic_plasmid_srr11038083_codex_20260810_12vcpu_62gb/08_annotation/SRR11038083/final.contigs_plasmid.gff3
SRR11038083	contig_108	3135	3737		btgA	Clindamycin resistance transfer factor btgA		CDS	bakta	RefSeq:WP_007844274.1,SO:0001217,UniParc:UPI0001A27861,UniRef:UniRef100_A0A8E8PJA1,UniRef:UniRef50_R9HTX6,UniRef:UniRef90_F0R9D0			/root/autodl-tmp/abi-real-data/results/metagenomic_plasmid_srr11038083_codex_20260810_12vcpu_62gb/08_annotation/SRR11038083/final.contigs_plasmid.gff3
SRR11038083	contig_108	4229	4543	+	HJHHLH_0288	DUF3408 domain-containing protein		CDS	bakta	RefSeq:WP_007844273.1,SO:0001217,UniParc:UPI0001A27862,UniRef:UniRef100_A0A412XQT8,UniRef:UniRef50_A0A412XQT8,UniRef:UniRef90_A0A412XQT8			/root/autodl-tmp/abi-real-data/results/metagenomic_plasmid_srr11038083_codex_20260810_12vcpu_62gb/08_annotation/SRR11038083/final.contigs_plasmid.gff3
SRR11038083	contig_108	4603	4872		HJHHLH_0289	Txe/YoeB family addiction module toxin		CDS	bakta	COG:COG4115,COG:V,GO:0008219,SO:0001217,UniRef:UniRef50_A0A1Y4CQK5,UniRef:UniRef90_A0A1Y4CQK5			/root/autodl-tmp/abi-real-data/results/metagenomic_plasmid_srr11038083_codex_20260810_12vcpu_62gb/08_annotation/SRR11038083/final.contigs_plasmid.gff3
SRR11038083	contig_108	4865	5131		HJHHLH_0290	Prevent-host-death protein		CDS	bakta	RefSeq:WP_032948236.1,SO:0001217,UniParc:UPI000309AE7A,UniRef:UniRef100_UPI000309AE7A,UniRef:UniRef50_A0A096ADL8,UniRef:UniRef90_A0A0J6CF06			/root/autodl-tmp/abi-real-data/results/metagenomic_plasmid_srr11038083_codex_20260810_12vcpu_62gb/08_annotation/SRR11038083/final.contigs_plasmid.gff3
SRR11038083	contig_108	5595	6575	+	HJHHLH_0291	Replication initiation protein		CDS	bakta	RefSeq:WP_007844269.1,SO:0001217,UniParc:UPI0002241272,UniRef:UniRef100_UPI0002241272,UniRef:UniRef50_A0A4Y1VNF6,UniRef:UniRef90_A0AA92TV21			/root/autodl-tmp/abi-real-data/results/metagenomic_plasmid_srr11038083_codex_20260810_12vcpu_62gb/08_annotation/SRR11038083/final.contigs_plasmid.gff3
SRR11038083	contig_109	1	2893	+	contig_109	contig_109		region	bakta				/root/autodl-tmp/abi-real-data/results/metagenomic_plasmid_srr11038083_codex_20260810_12vcpu_62gb/08_annotation/SRR11038083/final.contigs_plasmid.gff3
SRR11038083	contig_109	153	1070	+	HJHHLH_0292	Mobilization domain protein		CDS	bakta	RefSeq:WP_368291636.1,SO:0001217,UniParc:UPI0034A34C85,UniRef:UniRef100_A0A926FBE7,UniRef:UniRef50_E5X4I2,UniRef:UniRef90_A0A078QNY3			/root/autodl-tmp/abi-real-data/results/metagenomic_plasmid_srr11038083_codex_20260810_12vcpu_62gb/08_annotation/SRR11038083/final.contigs_plasmid.gff3
SRR11038083	contig_109	1476	2099	+	repL	Plasmid replication protein RepL domain-containing protein		CDS	bakta	SO:0001217,UniParc:UPI0001A24D3D,UniRef:UniRef100_A0A414PH74,UniRef:UniRef50_Q45126,UniRef:UniRef90_A0A662ZU66			/root/autodl-tmp/abi-real-data/results/metagenomic_plasmid_srr11038083_codex_20260810_12vcpu_62gb/08_annotation/SRR11038083/final.contigs_plasmid.gff3
SRR11038083	contig_110	1	672	+	contig_110	contig_110		region	bakta				/root/autodl-tmp/abi-real-data/results/metagenomic_plasmid_srr11038083_codex_20260810_12vcpu_62gb/08_annotation/SRR11038083/final.contigs_plasmid.gff3
SRR11038083	contig_111	1	1768	+	contig_111	contig_111		region	bakta				/root/autodl-tmp/abi-real-data/results/metagenomic_plasmid_srr11038083_codex_20260810_12vcpu_62gb/08_annotation/SRR11038083/final.contigs_plasmid.gff3
SRR11038083	contig_111	842	1309	+	HJHHLH_0294	HTH crp-type domain-containing protein		CDS	bakta	SO:0001217,UniRef:UniRef50_F7JS68			/root/autodl-tmp/abi-real-data/results/metagenomic_plasmid_srr11038083_codex_20260810_12vcpu_62gb/08_annotation/SRR11038083/final.contigs_plasmid.gff3
SRR11038083	contig_112	1	4238	+	contig_112	contig_112		region	bakta				/root/autodl-tmp/abi-real-data/results/metagenomic_plasmid_srr11038083_codex_20260810_12vcpu_62gb/08_annotation/SRR11038083/final.contigs_plasmid.gff3
SRR11038083	contig_112	123	1151	+	HJHHLH_0295	hypothetical protein		CDS	bakta	PFAM:PF02955.21,PFAM:PF08443.16			/root/autodl-tmp/abi-real-data/results/metagenomic_plasmid_srr11038083_codex_20260810_12vcpu_62gb/08_annotation/SRR11038083/final.contigs_plasmid.gff3
SRR11038083	contig_112	1395	1802	+	HJHHLH_0296	hypothetical protein		CDS	bakta				/root/autodl-tmp/abi-real-data/results/metagenomic_plasmid_srr11038083_codex_20260810_12vcpu_62gb/08_annotation/SRR11038083/final.contigs_plasmid.gff3
SRR11038083	contig_112	1806	1997	+	HJHHLH_0297	hypothetical protein		CDS	bakta				/root/autodl-tmp/abi-real-data/results/metagenomic_plasmid_srr11038083_codex_20260810_12vcpu_62gb/08_annotation/SRR11038083/final.contigs_plasmid.gff3
SRR11038083	contig_112	2388	3386	+	HJHHLH_0298	hypothetical protein		CDS	bakta	PFAM:PF21205.3,PFAM:PF01051.27			/root/autodl-tmp/abi-real-data/results/metagenomic_plasmid_srr11038083_codex_20260810_12vcpu_62gb/08_annotation/SRR11038083/final.contigs_plasmid.gff3
SRR11038083	contig_112	3426	3617	+	HJHHLH_0299	hypothetical protein		CDS	bakta				/root/autodl-tmp/abi-real-data/results/metagenomic_plasmid_srr11038083_codex_20260810_12vcpu_62gb/08_annotation/SRR11038083/final.contigs_plasmid.gff3
SRR11038083	contig_113	1	1048	+	contig_113	contig_113		region	bakta				/root/autodl-tmp/abi-real-data/results/metagenomic_plasmid_srr11038083_codex_20260810_12vcpu_62gb/08_annotation/SRR11038083/final.contigs_plasmid.gff3
SRR11038083	contig_113	164	427		HJHHLH_0300	hypothetical protein		CDS	bakta				/root/autodl-tmp/abi-real-data/results/metagenomic_plasmid_srr11038083_codex_20260810_12vcpu_62gb/08_annotation/SRR11038083/final.contigs_plasmid.gff3
SRR11038083	contig_113	424	915		HJHHLH_0301	hypothetical protein		CDS	bakta				/root/autodl-tmp/abi-real-data/results/metagenomic_plasmid_srr11038083_codex_20260810_12vcpu_62gb/08_annotation/SRR11038083/final.contigs_plasmid.gff3
SRR11038083	contig_114	1	455	+	contig_114	contig_114		region	bakta				/root/autodl-tmp/abi-real-data/results/metagenomic_plasmid_srr11038083_codex_20260810_12vcpu_62gb/08_annotation/SRR11038083/final.contigs_plasmid.gff3
SRR11038083	contig_114	174	455		HJHHLH_0302	hypothetical protein		CDS	bakta	PFAM:PF13545.12			/root/autodl-tmp/abi-real-data/results/metagenomic_plasmid_srr11038083_codex_20260810_12vcpu_62gb/08_annotation/SRR11038083/final.contigs_plasmid.gff3
SRR11038083	contig_115	1	528	+	contig_115	contig_115		region	bakta				/root/autodl-tmp/abi-real-data/results/metagenomic_plasmid_srr11038083_codex_20260810_12vcpu_62gb/08_annotation/SRR11038083/final.contigs_plasmid.gff3
SRR11038083	contig_116	1	557	+	contig_116	contig_116		region	bakta				/root/autodl-tmp/abi-real-data/results/metagenomic_plasmid_srr11038083_codex_20260810_12vcpu_62gb/08_annotation/SRR11038083/final.contigs_plasmid.gff3
SRR11038083	contig_117	1	727	+	contig_117	contig_117		region	bakta				/root/autodl-tmp/abi-real-data/results/metagenomic_plasmid_srr11038083_codex_20260810_12vcpu_62gb/08_annotation/SRR11038083/final.contigs_plasmid.gff3
SRR11038083	contig_118	1	773	+	contig_118	contig_118		region	bakta				/root/autodl-tmp/abi-real-data/results/metagenomic_plasmid_srr11038083_codex_20260810_12vcpu_62gb/08_annotation/SRR11038083/final.contigs_plasmid.gff3
SRR11038083	contig_118	24	497		HJHHLH_0303	HTH crp-type domain-containing protein		CDS	bakta	SO:0001217,UniRef:UniRef50_F7JS68,UniRef:UniRef90_F7JS68			/root/autodl-tmp/abi-real-data/results/metagenomic_plasmid_srr11038083_codex_20260810_12vcpu_62gb/08_annotation/SRR11038083/final.contigs_plasmid.gff3
SRR11038083	contig_119	1	1065	+	contig_119	contig_119		region	bakta				/root/autodl-tmp/abi-real-data/results/metagenomic_plasmid_srr11038083_codex_20260810_12vcpu_62gb/08_annotation/SRR11038083/final.contigs_plasmid.gff3
SRR11038083	contig_119	21	617	+	HJHHLH_0304	hypothetical protein		CDS	bakta				/root/autodl-tmp/abi-real-data/results/metagenomic_plasmid_srr11038083_codex_20260810_12vcpu_62gb/08_annotation/SRR11038083/final.contigs_plasmid.gff3
SRR11038083	contig_120	1	498	+	contig_120	contig_120		region	bakta				/root/autodl-tmp/abi-real-data/results/metagenomic_plasmid_srr11038083_codex_20260810_12vcpu_62gb/08_annotation/SRR11038083/final.contigs_plasmid.gff3
SRR11038083	contig_120	128	460		HJHHLH_0305	hypothetical protein		CDS	bakta				/root/autodl-tmp/abi-real-data/results/metagenomic_plasmid_srr11038083_codex_20260810_12vcpu_62gb/08_annotation/SRR11038083/final.contigs_plasmid.gff3
SRR11038083	contig_121	1	1912	+	contig_121	contig_121		region	bakta				/root/autodl-tmp/abi-real-data/results/metagenomic_plasmid_srr11038083_codex_20260810_12vcpu_62gb/08_annotation/SRR11038083/final.contigs_plasmid.gff3
SRR11038083	contig_121	316	1353	+	HJHHLH_0306	hypothetical protein		CDS	bakta				/root/autodl-tmp/abi-real-data/results/metagenomic_plasmid_srr11038083_codex_20260810_12vcpu_62gb/08_annotation/SRR11038083/final.contigs_plasmid.gff3
SRR11038083	contig_122	1	708	+	contig_122	contig_122		region	bakta				/root/autodl-tmp/abi-real-data/results/metagenomic_plasmid_srr11038083_codex_20260810_12vcpu_62gb/08_annotation/SRR11038083/final.contigs_plasmid.gff3
SRR11038083	contig_123	1	482	+	contig_123	contig_123		region	bakta				/root/autodl-tmp/abi-real-data/results/metagenomic_plasmid_srr11038083_codex_20260810_12vcpu_62gb/08_annotation/SRR11038083/final.contigs_plasmid.gff3
SRR11038083	contig_124	1	690	+	contig_124	contig_124		region	bakta				/root/autodl-tmp/abi-real-data/results/metagenomic_plasmid_srr11038083_codex_20260810_12vcpu_62gb/08_annotation/SRR11038083/final.contigs_plasmid.gff3
SRR11038083	contig_124	94	525		HJHHLH_0307	hypothetical protein		CDS	bakta				/root/autodl-tmp/abi-real-data/results/metagenomic_plasmid_srr11038083_codex_20260810_12vcpu_62gb/08_annotation/SRR11038083/final.contigs_plasmid.gff3
SRR11038083	contig_125	1	1090	+	contig_125	contig_125		region	bakta				/root/autodl-tmp/abi-real-data/results/metagenomic_plasmid_srr11038083_codex_20260810_12vcpu_62gb/08_annotation/SRR11038083/final.contigs_plasmid.gff3
SRR11038083	contig_125	125	1000		HJHHLH_0308	hypothetical protein		CDS	bakta				/root/autodl-tmp/abi-real-data/results/metagenomic_plasmid_srr11038083_codex_20260810_12vcpu_62gb/08_annotation/SRR11038083/final.contigs_plasmid.gff3
SRR11038083	contig_126	1	1040	+	contig_126	contig_126		region	bakta				/root/autodl-tmp/abi-real-data/results/metagenomic_plasmid_srr11038083_codex_20260810_12vcpu_62gb/08_annotation/SRR11038083/final.contigs_plasmid.gff3
SRR11038083	contig_126	81	386	+	HJHHLH_0309	hypothetical protein		CDS	bakta				/root/autodl-tmp/abi-real-data/results/metagenomic_plasmid_srr11038083_codex_20260810_12vcpu_62gb/08_annotation/SRR11038083/final.contigs_plasmid.gff3
SRR11038083	contig_126	402	641	+	HJHHLH_0310	Complexin-2		CDS	bakta	SO:0001217,UniRef:UniRef50_A0A1M6KCG6			/root/autodl-tmp/abi-real-data/results/metagenomic_plasmid_srr11038083_codex_20260810_12vcpu_62gb/08_annotation/SRR11038083/final.contigs_plasmid.gff3
SRR11038083	contig_126	740	1033		HJHHLH_0311	hypothetical protein		CDS	bakta				/root/autodl-tmp/abi-real-data/results/metagenomic_plasmid_srr11038083_codex_20260810_12vcpu_62gb/08_annotation/SRR11038083/final.contigs_plasmid.gff3
SRR11038083	contig_127	1	3994	+	contig_127	contig_127		region	bakta				/root/autodl-tmp/abi-real-data/results/metagenomic_plasmid_srr11038083_codex_20260810_12vcpu_62gb/08_annotation/SRR11038083/final.contigs_plasmid.gff3
SRR11038083	contig_127	316	1227	+	HJHHLH_0312	hypothetical protein		CDS	bakta	PFAM:PF21205.3,PFAM:PF01051.27			/root/autodl-tmp/abi-real-data/results/metagenomic_plasmid_srr11038083_codex_20260810_12vcpu_62gb/08_annotation/SRR11038083/final.contigs_plasmid.gff3
SRR11038083	contig_127	1402	1629	+	HJHHLH_0313	hypothetical protein		CDS	bakta				/root/autodl-tmp/abi-real-data/results/metagenomic_plasmid_srr11038083_codex_20260810_12vcpu_62gb/08_annotation/SRR11038083/final.contigs_plasmid.gff3
SRR11038083	contig_127	1969	3723	+	HJHHLH_0314	hypothetical protein		CDS	bakta				/root/autodl-tmp/abi-real-data/results/metagenomic_plasmid_srr11038083_codex_20260810_12vcpu_62gb/08_annotation/SRR11038083/final.contigs_plasmid.gff3
SRR11038083	contig_128	1	552	+	contig_128	contig_128		region	bakta				/root/autodl-tmp/abi-real-data/results/metagenomic_plasmid_srr11038083_codex_20260810_12vcpu_62gb/08_annotation/SRR11038083/final.contigs_plasmid.gff3
SRR11038083	contig_129	1	527	+	contig_129	contig_129		region	bakta				/root/autodl-tmp/abi-real-data/results/metagenomic_plasmid_srr11038083_codex_20260810_12vcpu_62gb/08_annotation/SRR11038083/final.contigs_plasmid.gff3
SRR11038083	contig_130	1	2242	+	contig_130	contig_130		region	bakta				/root/autodl-tmp/abi-real-data/results/metagenomic_plasmid_srr11038083_codex_20260810_12vcpu_62gb/08_annotation/SRR11038083/final.contigs_plasmid.gff3
SRR11038083	contig_130	1086	2051	+	HJHHLH_0315	Replication protein		CDS	bakta	RefSeq:WP_001287824.1,SO:0001217,UniParc:UPI0000F709E2,UniRef:UniRef100_R9R0L4,UniRef:UniRef50_A0A511FSL3,UniRef:UniRef90_Q99135			/root/autodl-tmp/abi-real-data/results/metagenomic_plasmid_srr11038083_codex_20260810_12vcpu_62gb/08_annotation/SRR11038083/final.contigs_plasmid.gff3
SRR11038083	contig_131	1	5285	+	contig_131	contig_131		region	bakta				/root/autodl-tmp/abi-real-data/results/metagenomic_plasmid_srr11038083_codex_20260810_12vcpu_62gb/08_annotation/SRR11038083/final.contigs_plasmid.gff3
SRR11038083	contig_131	30	956	+	HJHHLH_0316	Rep protein		CDS	bakta	RefSeq:WP_029391992.1,SO:0001217,UniParc:UPI0003F57781,UniRef:UniRef100_UPI0019D279BF,UniRef:UniRef50_Q51633,UniRef:UniRef90_Q51638			/root/autodl-tmp/abi-real-data/results/metagenomic_plasmid_srr11038083_codex_20260810_12vcpu_62gb/08_annotation/SRR11038083/final.contigs_plasmid.gff3
SRR11038083	contig_131	1151	1549		traD	Conjugal transfer protein TraD		CDS	bakta	RefSeq:WP_077126365.1,SO:0001217,UniParc:UPI0009730F71,UniRef:UniRef100_UPI002FE5D148,UniRef:UniRef50_A0A2X6IVV3,UniRef:UniRef90_A0A2X6IVV3			/root/autodl-tmp/abi-real-data/results/metagenomic_plasmid_srr11038083_codex_20260810_12vcpu_62gb/08_annotation/SRR11038083/final.contigs_plasmid.gff3
SRR11038083	contig_131	1725	2651	+	HJHHLH_0318	MobA/MobL protein domain-containing protein		CDS	bakta	RefSeq:WP_029391990.1,SO:0001217,UniParc:UPI00040F8A85,UniRef:UniRef100_UPI000B68F998,UniRef:UniRef50_A0A1M0,UniRef:UniRef90_A0A1M0			/root/autodl-tmp/abi-real-data/results/metagenomic_plasmid_srr11038083_codex_20260810_12vcpu_62gb/08_annotation/SRR11038083/final.contigs_plasmid.gff3
SRR11038083	contig_131	2654	3187	+	HJHHLH_0319	Mobilization protein		CDS	bakta	SO:0001217,UniRef:UniRef50_A0AA44L9X8,UniRef:UniRef90_A0AA44L9X8			/root/autodl-tmp/abi-real-data/results/metagenomic_plasmid_srr11038083_codex_20260810_12vcpu_62gb/08_annotation/SRR11038083/final.contigs_plasmid.gff3
SRR11038083	contig_131	3241	3462		HJHHLH_0320	Cytoplasmic protein		CDS	bakta	RefSeq:WP_016236230.1,SO:0001217,UniParc:UPI000340B7E1,UniRef:UniRef100_A0AAI9H400,UniRef:UniRef50_A0A1V8NYY0,UniRef:UniRef90_R9R0L6			/root/autodl-tmp/abi-real-data/results/metagenomic_plasmid_srr11038083_codex_20260810_12vcpu_62gb/08_annotation/SRR11038083/final.contigs_plasmid.gff3
SRR11038083	contig_132	1	1015	+	contig_132	contig_132		region	bakta				/root/autodl-tmp/abi-real-data/results/metagenomic_plasmid_srr11038083_codex_20260810_12vcpu_62gb/08_annotation/SRR11038083/final.contigs_plasmid.gff3
SRR11038083	contig_132	488	1012	+	HJHHLH_0321	hypothetical protein		CDS	bakta	PFAM:PF13730.12			/root/autodl-tmp/abi-real-data/results/metagenomic_plasmid_srr11038083_codex_20260810_12vcpu_62gb/08_annotation/SRR11038083/final.contigs_plasmid.gff3
SRR11038083	contig_133	1	1576	+	contig_133	contig_133		region	bakta				/root/autodl-tmp/abi-real-data/results/metagenomic_plasmid_srr11038083_codex_20260810_12vcpu_62gb/08_annotation/SRR11038083/final.contigs_plasmid.gff3
SRR11038083	contig_133	10	555	+	HJHHLH_0322	hypothetical protein		CDS	bakta				/root/autodl-tmp/abi-real-data/results/metagenomic_plasmid_srr11038083_codex_20260810_12vcpu_62gb/08_annotation/SRR11038083/final.contigs_plasmid.gff3
SRR11038083	contig_134	1	1924	+	contig_134	contig_134		region	bakta				/root/autodl-tmp/abi-real-data/results/metagenomic_plasmid_srr11038083_codex_20260810_12vcpu_62gb/08_annotation/SRR11038083/final.contigs_plasmid.gff3
SRR11038083	contig_134	516	1466	+	HJHHLH_0323	hypothetical protein		CDS	bakta				/root/autodl-tmp/abi-real-data/results/metagenomic_plasmid_srr11038083_codex_20260810_12vcpu_62gb/08_annotation/SRR11038083/final.contigs_plasmid.gff3
SRR11038083	contig_135	1	609	+	contig_135	contig_135		region	bakta				/root/autodl-tmp/abi-real-data/results/metagenomic_plasmid_srr11038083_codex_20260810_12vcpu_62gb/08_annotation/SRR11038083/final.contigs_plasmid.gff3
SRR11038083	contig_136	1	437	+	contig_136	contig_136		region	bakta				/root/autodl-tmp/abi-real-data/results/metagenomic_plasmid_srr11038083_codex_20260810_12vcpu_62gb/08_annotation/SRR11038083/final.contigs_plasmid.gff3
SRR11038083	contig_137	1	708	+	contig_137	contig_137		region	bakta				/root/autodl-tmp/abi-real-data/results/metagenomic_plasmid_srr11038083_codex_20260810_12vcpu_62gb/08_annotation/SRR11038083/final.contigs_plasmid.gff3
SRR11038083	contig_137	397	612		HJHHLH_0324	hypothetical protein		CDS	bakta				/root/autodl-tmp/abi-real-data/results/metagenomic_plasmid_srr11038083_codex_20260810_12vcpu_62gb/08_annotation/SRR11038083/final.contigs_plasmid.gff3
SRR11038083	contig_138	1	3559	+	contig_138	contig_138		region	bakta				/root/autodl-tmp/abi-real-data/results/metagenomic_plasmid_srr11038083_codex_20260810_12vcpu_62gb/08_annotation/SRR11038083/final.contigs_plasmid.gff3
SRR11038083	contig_138	750	2105	+	HJHHLH_0325	Uncultured bacterium plasmid pRGI00604		CDS	bakta	SO:0001217,UniRef:UniRef50_W1I346,UniRef:UniRef90_W1I346			/root/autodl-tmp/abi-real-data/results/metagenomic_plasmid_srr11038083_codex_20260810_12vcpu_62gb/08_annotation/SRR11038083/final.contigs_plasmid.gff3
SRR11038083	contig_138	2154	3266		HJHHLH_0326	Uncultured bacterium plasmid pRGI00604		CDS	bakta	SO:0001217,UniRef:UniRef50_W1I559,UniRef:UniRef90_W1I559			/root/autodl-tmp/abi-real-data/results/metagenomic_plasmid_srr11038083_codex_20260810_12vcpu_62gb/08_annotation/SRR11038083/final.contigs_plasmid.gff3
SRR11038083	contig_139	1	1826	+	contig_139	contig_139		region	bakta				/root/autodl-tmp/abi-real-data/results/metagenomic_plasmid_srr11038083_codex_20260810_12vcpu_62gb/08_annotation/SRR11038083/final.contigs_plasmid.gff3
SRR11038083	contig_139	359	832	+	HJHHLH_0327	HTH crp-type domain-containing protein		CDS	bakta	SO:0001217,UniRef:UniRef50_F7JS68,UniRef:UniRef90_F7JS68			/root/autodl-tmp/abi-real-data/results/metagenomic_plasmid_srr11038083_codex_20260810_12vcpu_62gb/08_annotation/SRR11038083/final.contigs_plasmid.gff3
SRR11038083	contig_140	1	5314	+	contig_140	contig_140		region	bakta				/root/autodl-tmp/abi-real-data/results/metagenomic_plasmid_srr11038083_codex_20260810_12vcpu_62gb/08_annotation/SRR11038083/final.contigs_plasmid.gff3
SRR11038083	contig_140	127	1083	+	HJHHLH_0328	hypothetical protein		CDS	bakta	SO:0001217,UniRef:UniRef50_A0A0S3F681,PFAM:PF21205.3			/root/autodl-tmp/abi-real-data/results/metagenomic_plasmid_srr11038083_codex_20260810_12vcpu_62gb/08_annotation/SRR11038083/final.contigs_plasmid.gff3
SRR11038083	contig_140	1294	1611	+	HJHHLH_0329	hypothetical protein		CDS	bakta	SO:0001217,UniRef:UniRef50_UPI000B49E963			/root/autodl-tmp/abi-real-data/results/metagenomic_plasmid_srr11038083_codex_20260810_12vcpu_62gb/08_annotation/SRR11038083/final.contigs_plasmid.gff3
SRR11038083	contig_140	1911	2378	+	HJHHLH_0330	hypothetical protein		CDS	bakta				/root/autodl-tmp/abi-real-data/results/metagenomic_plasmid_srr11038083_codex_20260810_12vcpu_62gb/08_annotation/SRR11038083/final.contigs_plasmid.gff3
SRR11038083	contig_140	2351	3121	+	HJHHLH_0331	DUF1828 domain-containing protein		CDS	bakta	SO:0001217,UniRef:UniRef50_A0AA46A4C3			/root/autodl-tmp/abi-real-data/results/metagenomic_plasmid_srr11038083_codex_20260810_12vcpu_62gb/08_annotation/SRR11038083/final.contigs_plasmid.gff3
SRR11038083	contig_140	3296	3526	+	HJHHLH_0332	hypothetical protein		CDS	bakta				/root/autodl-tmp/abi-real-data/results/metagenomic_plasmid_srr11038083_codex_20260810_12vcpu_62gb/08_annotation/SRR11038083/final.contigs_plasmid.gff3
SRR11038083	contig_140	3705	3863		HJHHLH_0333	hypothetical protein		CDS	bakta				/root/autodl-tmp/abi-real-data/results/metagenomic_plasmid_srr11038083_codex_20260810_12vcpu_62gb/08_annotation/SRR11038083/final.contigs_plasmid.gff3
SRR11038083	contig_140	3966	4214	+	brnT	BrnT family toxin		CDS	bakta	SO:0001217,UniRef:UniRef50_A0A068SLX1,UniRef:UniRef90_A0A2A2G6H2			/root/autodl-tmp/abi-real-data/results/metagenomic_plasmid_srr11038083_codex_20260810_12vcpu_62gb/08_annotation/SRR11038083/final.contigs_plasmid.gff3
SRR11038083	contig_140	4211	4501	+	brnA	BrnA antitoxin family protein		CDS	bakta	SO:0001217,UniRef:UniRef50_G9AA42			/root/autodl-tmp/abi-real-data/results/metagenomic_plasmid_srr11038083_codex_20260810_12vcpu_62gb/08_annotation/SRR11038083/final.contigs_plasmid.gff3
SRR11038083	contig_141	1	519	+	contig_141	contig_141		region	bakta				/root/autodl-tmp/abi-real-data/results/metagenomic_plasmid_srr11038083_codex_20260810_12vcpu_62gb/08_annotation/SRR11038083/final.contigs_plasmid.gff3
SRR11038083	contig_142	1	2211	+	contig_142	contig_142		region	bakta				/root/autodl-tmp/abi-real-data/results/metagenomic_plasmid_srr11038083_codex_20260810_12vcpu_62gb/08_annotation/SRR11038083/final.contigs_plasmid.gff3
SRR11038083	contig_142	52	411	+	HJHHLH_0336	hypothetical protein		CDS	bakta				/root/autodl-tmp/abi-real-data/results/metagenomic_plasmid_srr11038083_codex_20260810_12vcpu_62gb/08_annotation/SRR11038083/final.contigs_plasmid.gff3
SRR11038083	contig_142	654	1409	+	HJHHLH_0337	hypothetical protein		CDS	bakta				/root/autodl-tmp/abi-real-data/results/metagenomic_plasmid_srr11038083_codex_20260810_12vcpu_62gb/08_annotation/SRR11038083/final.contigs_plasmid.gff3
SRR11038083	contig_143	1	736	+	contig_143	contig_143		region	bakta				/root/autodl-tmp/abi-real-data/results/metagenomic_plasmid_srr11038083_codex_20260810_12vcpu_62gb/08_annotation/SRR11038083/final.contigs_plasmid.gff3
SRR11038083	contig_143	66	695		HJHHLH_0338	hypothetical protein		CDS	bakta				/root/autodl-tmp/abi-real-data/results/metagenomic_plasmid_srr11038083_codex_20260810_12vcpu_62gb/08_annotation/SRR11038083/final.contigs_plasmid.gff3
SRR11038083	contig_144	1	4672	+	contig_144	contig_144		region	bakta				/root/autodl-tmp/abi-real-data/results/metagenomic_plasmid_srr11038083_codex_20260810_12vcpu_62gb/08_annotation/SRR11038083/final.contigs_plasmid.gff3
SRR11038083	contig_144	244	477		HJHHLH_0339	Na+-transporting methylmalonyl-CoA/oxaloacetate decarboxylase%2C beta subunit		CDS	bakta	RefSeq:WP_007885222.1,SO:0001217,UniParc:UPI000197F7D8,UniRef:UniRef100_C0FSM9,UniRef:UniRef50_C0FSM9,UniRef:UniRef90_C0FSM9			/root/autodl-tmp/abi-real-data/results/metagenomic_plasmid_srr11038083_codex_20260810_12vcpu_62gb/08_annotation/SRR11038083/final.contigs_plasmid.gff3
SRR11038083	contig_144	777	1886		HJHHLH_0340	MobA/VirD2-like nuclease domain-containing protein		CDS	bakta	RefSeq:WP_055215572.1,SO:0001217,UniParc:UPI0006C1F224,UniRef:UniRef100_A0A173VNX7,UniRef:UniRef50_F7JS62,UniRef:UniRef90_F7JS62			/root/autodl-tmp/abi-real-data/results/metagenomic_plasmid_srr11038083_codex_20260810_12vcpu_62gb/08_annotation/SRR11038083/final.contigs_plasmid.gff3
SRR11038083	contig_144	1847	2167		mobC	Plasmid mobilization relaxosome protein MobC		CDS	bakta	RefSeq:WP_226981078.1,SO:0001217,UniParc:UPI0006C20A57,UniRef:UniRef100_A0A4Q1RD24,UniRef:UniRef50_A0A0H5PX17,UniRef:UniRef90_A0A3E2XFT0			/root/autodl-tmp/abi-real-data/results/metagenomic_plasmid_srr11038083_codex_20260810_12vcpu_62gb/08_annotation/SRR11038083/final.contigs_plasmid.gff3
SRR11038083	contig_144	2172	2333		HJHHLH_0342	hypothetical protein		CDS	bakta	RefSeq:WP_004614779.1,SO:0001217,UniParc:UPI000183631E,UniRef:UniRef100_A0A173VMW9,UniRef:UniRef50_C0FSN3,UniRef:UniRef90_C0FSN3			/root/autodl-tmp/abi-real-data/results/metagenomic_plasmid_srr11038083_codex_20260810_12vcpu_62gb/08_annotation/SRR11038083/final.contigs_plasmid.gff3
SRR11038083	contig_144	2643	2963		HJHHLH_0343	hypothetical protein		CDS	bakta				/root/autodl-tmp/abi-real-data/results/metagenomic_plasmid_srr11038083_codex_20260810_12vcpu_62gb/08_annotation/SRR11038083/final.contigs_plasmid.gff3
SRR11038083	contig_144	2960	3154		HJHHLH_0344	hypothetical protein		CDS	bakta	RefSeq:WP_002904440.1,SO:0001217,UniParc:UPI0001973087,UniRef:UniRef100_C0FSN1,UniRef:UniRef50_C0FSN1,UniRef:UniRef90_C0FSN1			/root/autodl-tmp/abi-real-data/results/metagenomic_plasmid_srr11038083_codex_20260810_12vcpu_62gb/08_annotation/SRR11038083/final.contigs_plasmid.gff3
SRR11038083	contig_144	3189	4544		HJHHLH_0345	Replication protein		CDS	bakta	RefSeq:WP_007885223.1,SO:0001217,UniParc:UPI000197F7D9,UniRef:UniRef100_C0FSN0,UniRef:UniRef50_V8BJK7,UniRef:UniRef90_A0A173VQV2			/root/autodl-tmp/abi-real-data/results/metagenomic_plasmid_srr11038083_codex_20260810_12vcpu_62gb/08_annotation/SRR11038083/final.contigs_plasmid.gff3
SRR11038083	contig_145	1	2331	+	contig_145	contig_145		region	bakta				/root/autodl-tmp/abi-real-data/results/metagenomic_plasmid_srr11038083_codex_20260810_12vcpu_62gb/08_annotation/SRR11038083/final.contigs_plasmid.gff3
SRR11038083	contig_145	346	579		HJHHLH_0346	Na+-transporting methylmalonyl-CoA/oxaloacetate decarboxylase%2C beta subunit		CDS	bakta	RefSeq:WP_008399593.1,SO:0001217,UniParc:UPI0001C34F69,UniRef:UniRef100_A0A174US86,UniRef:UniRef50_C0FSM9,UniRef:UniRef90_C0FSM9			/root/autodl-tmp/abi-real-data/results/metagenomic_plasmid_srr11038083_codex_20260810_12vcpu_62gb/08_annotation/SRR11038083/final.contigs_plasmid.gff3
SRR11038083	contig_145	583	786		HJHHLH_0347	hypothetical protein		CDS	bakta				/root/autodl-tmp/abi-real-data/results/metagenomic_plasmid_srr11038083_codex_20260810_12vcpu_62gb/08_annotation/SRR11038083/final.contigs_plasmid.gff3
SRR11038083	contig_145	854	2203		HJHHLH_0348	Replication protein		CDS	bakta	SO:0001217,UniRef:UniRef50_V8BJK7,UniRef:UniRef90_A0A173VQV2			/root/autodl-tmp/abi-real-data/results/metagenomic_plasmid_srr11038083_codex_20260810_12vcpu_62gb/08_annotation/SRR11038083/final.contigs_plasmid.gff3
SRR11038083	contig_146	1	6331	+	contig_146	contig_146		region	bakta				/root/autodl-tmp/abi-real-data/results/metagenomic_plasmid_srr11038083_codex_20260810_12vcpu_62gb/08_annotation/SRR11038083/final.contigs_plasmid.gff3
SRR11038083	contig_146	434	1918		HJHHLH_0349	Replication protein		CDS	bakta	SO:0001217,UniRef:UniRef50_A0A1Y4L3A8,UniRef:UniRef90_A0A1Y4HCZ0			/root/autodl-tmp/abi-real-data/results/metagenomic_plasmid_srr11038083_codex_20260810_12vcpu_62gb/08_annotation/SRR11038083/final.contigs_plasmid.gff3
SRR11038083	contig_146	1915	2316		HJHHLH_0350	hypothetical protein		CDS	bakta	SO:0001217,UniRef:UniRef50_A0AAW6C9L8			/root/autodl-tmp/abi-real-data/results/metagenomic_plasmid_srr11038083_codex_20260810_12vcpu_62gb/08_annotation/SRR11038083/final.contigs_plasmid.gff3
SRR11038083	contig_146	2661	3938		HJHHLH_0351	Plasmid recombination enzyme		CDS	bakta	SO:0001217,UniRef:UniRef50_A0A830U7Z4,UniRef:UniRef90_A0A1Y4HHE4			/root/autodl-tmp/abi-real-data/results/metagenomic_plasmid_srr11038083_codex_20260810_12vcpu_62gb/08_annotation/SRR11038083/final.contigs_plasmid.gff3
SRR11038083	contig_146	4181	5038		HJHHLH_0352	hypothetical protein		CDS	bakta				/root/autodl-tmp/abi-real-data/results/metagenomic_plasmid_srr11038083_codex_20260810_12vcpu_62gb/08_annotation/SRR11038083/final.contigs_plasmid.gff3
SRR11038083	contig_146	5052	5597		HJHHLH_0353	hypothetical protein		CDS	bakta				/root/autodl-tmp/abi-real-data/results/metagenomic_plasmid_srr11038083_codex_20260810_12vcpu_62gb/08_annotation/SRR11038083/final.contigs_plasmid.gff3
SRR11038083	contig_146	5594	5824		HJHHLH_0354	type II toxin-antitoxin system RelB/DinJ family antitoxin		CDS	bakta	SO:0001217,UniRef:UniRef50_A0A6L6LWV4,UniRef:UniRef90_UPI0008316C10			/root/autodl-tmp/abi-real-data/results/metagenomic_plasmid_srr11038083_codex_20260810_12vcpu_62gb/08_annotation/SRR11038083/final.contigs_plasmid.gff3
SRR11038083	contig_146	5830	6102		HJHHLH_0355	Type II toxin-antitoxin system RelE/ParE family toxin		CDS	bakta	SO:0001217,UniRef:UniRef50_E3GDG8,UniRef:UniRef90_A0A6L6LWV5			/root/autodl-tmp/abi-real-data/results/metagenomic_plasmid_srr11038083_codex_20260810_12vcpu_62gb/08_annotation/SRR11038083/final.contigs_plasmid.gff3
SRR11038083	contig_146	6134	6301		HJHHLH_0356	Prevent-host-death family protein		CDS	bakta	SO:0001217,UniRef:UniRef50_E3GDG7			/root/autodl-tmp/abi-real-data/results/metagenomic_plasmid_srr11038083_codex_20260810_12vcpu_62gb/08_annotation/SRR11038083/final.contigs_plasmid.gff3
SRR11038083	contig_147	1	5230	+	contig_147	contig_147		region	bakta				/root/autodl-tmp/abi-real-data/results/metagenomic_plasmid_srr11038083_codex_20260810_12vcpu_62gb/08_annotation/SRR11038083/final.contigs_plasmid.gff3
SRR11038083	contig_147	530	871	+	HJHHLH_0357	hypothetical protein		CDS	bakta				/root/autodl-tmp/abi-real-data/results/metagenomic_plasmid_srr11038083_codex_20260810_12vcpu_62gb/08_annotation/SRR11038083/final.contigs_plasmid.gff3
SRR11038083	contig_147	722	1033		HJHHLH_0358	Uncultured bacterium extrachromosomal DNA RGF00026		CDS	bakta	SO:0001217,UniRef:UniRef50_W1I5N6,UniRef:UniRef90_W1I5N6			/root/autodl-tmp/abi-real-data/results/metagenomic_plasmid_srr11038083_codex_20260810_12vcpu_62gb/08_annotation/SRR11038083/final.contigs_plasmid.gff3
SRR11038083	contig_147	1422	1706	+	HJHHLH_0359	Uncultured bacterium extrachromosomal DNA RGF00026		CDS	bakta	RefSeq:WP_395591855.1,SO:0001217,UniParc:UPI0003E37011,UniRef:UniRef100_W1I7D8,UniRef:UniRef50_Q73L15,UniRef:UniRef90_W1I7D8			/root/autodl-tmp/abi-real-data/results/metagenomic_plasmid_srr11038083_codex_20260810_12vcpu_62gb/08_annotation/SRR11038083/final.contigs_plasmid.gff3
SRR11038083	contig_147	1687	1995	+	HJHHLH_0360	Uncultured bacterium extrachromosomal DNA RGF00026		CDS	bakta	RefSeq:WP_178447072.1,SO:0001217,UniParc:UPI0003E36450,UniRef:UniRef100_W1I7E1,UniRef:UniRef50_G9WKX8,UniRef:UniRef90_W1I7E1			/root/autodl-tmp/abi-real-data/results/metagenomic_plasmid_srr11038083_codex_20260810_12vcpu_62gb/08_annotation/SRR11038083/final.contigs_plasmid.gff3
SRR11038083	contig_147	2476	3858		HJHHLH_0361	Uncultured bacterium extrachromosomal DNA RGF00026		CDS	bakta	SO:0001217,UniRef:UniRef50_A0A142BVY2,UniRef:UniRef90_W1I5J6			/root/autodl-tmp/abi-real-data/results/metagenomic_plasmid_srr11038083_codex_20260810_12vcpu_62gb/08_annotation/SRR11038083/final.contigs_plasmid.gff3
SRR11038083	contig_147	3852	4343		HJHHLH_0362	Uncultured bacterium extrachromosomal DNA RGF00026		CDS	bakta	SO:0001217,UniRef:UniRef50_A0A1Q6T7X0,UniRef:UniRef90_W1I8A4			/root/autodl-tmp/abi-real-data/results/metagenomic_plasmid_srr11038083_codex_20260810_12vcpu_62gb/08_annotation/SRR11038083/final.contigs_plasmid.gff3
SRR11038083	contig_147	4361	5002		HJHHLH_0363	hypothetical protein		CDS	bakta				/root/autodl-tmp/abi-real-data/results/metagenomic_plasmid_srr11038083_codex_20260810_12vcpu_62gb/08_annotation/SRR11038083/final.contigs_plasmid.gff3
SRR11038083	contig_148	1	5772	+	contig_148	contig_148		region	bakta				/root/autodl-tmp/abi-real-data/results/metagenomic_plasmid_srr11038083_codex_20260810_12vcpu_62gb/08_annotation/SRR11038083/final.contigs_plasmid.gff3
SRR11038083	contig_148	171	1223		HJHHLH_0364	DUF3626 domain-containing protein		CDS	bakta	SO:0001217,UniRef:UniRef50_A0A5N8H8J1,UniRef:UniRef90_A0A5V6DMI4			/root/autodl-tmp/abi-real-data/results/metagenomic_plasmid_srr11038083_codex_20260810_12vcpu_62gb/08_annotation/SRR11038083/final.contigs_plasmid.gff3
SRR11038083	contig_148	1511	1618		HJHHLH_0365	hypothetical protein		CDS	bakta				/root/autodl-tmp/abi-real-data/results/metagenomic_plasmid_srr11038083_codex_20260810_12vcpu_62gb/08_annotation/SRR11038083/final.contigs_plasmid.gff3
SRR11038083	contig_148	1596	3161		mbeA	plasmid mobilization relaxase MbeA		CDS	bakta	RefSeq:WP_000635805.1,SO:0001217,UniParc:UPI00019AFAA8,UniRef:UniRef100_A0A376VUJ0,UniRef:UniRef50_P13658,UniRef:UniRef90_A0A376VUJ0			/root/autodl-tmp/abi-real-data/results/metagenomic_plasmid_srr11038083_codex_20260810_12vcpu_62gb/08_annotation/SRR11038083/final.contigs_plasmid.gff3
SRR11038083	contig_148	3151	3507		HJHHLH_0367	Mobilization protein		CDS	bakta	SO:0001217,UniRef:UniRef50_P13657,UniRef:UniRef90_A0A4C7BTJ2			/root/autodl-tmp/abi-real-data/results/metagenomic_plasmid_srr11038083_codex_20260810_12vcpu_62gb/08_annotation/SRR11038083/final.contigs_plasmid.gff3
SRR11038083	contig_148	3539	3730	+	HJHHLH_0368	RNAI modulator protein Rop		CDS	bakta	RefSeq:WP_001673159.1,SO:0001217,UniParc:UPI0002A37364,UniRef:UniRef100_UPI001CF9A0DC,UniRef:UniRef50_A0A0D0LJT0,UniRef:UniRef90_A0A0D0LJT0			/root/autodl-tmp/abi-real-data/results/metagenomic_plasmid_srr11038083_codex_20260810_12vcpu_62gb/08_annotation/SRR11038083/final.contigs_plasmid.gff3
SRR11038083	contig_148	3753	3998		HJHHLH_0369	6-9 kd ORF		CDS	bakta	SO:0001217,UniParc:UPI0003BAE538,UniRef:UniRef100_A0A5V6LZJ8,UniRef:UniRef50_Q51616,UniRef:UniRef90_A0A5V6LZJ8			/root/autodl-tmp/abi-real-data/results/metagenomic_plasmid_srr11038083_codex_20260810_12vcpu_62gb/08_annotation/SRR11038083/final.contigs_plasmid.gff3
SRR11038083	contig_148	3824	3906	?	HJHHLHJKEC_437	origin of transfer		oriT	bakta	similar to DNA sequence			/root/autodl-tmp/abi-real-data/results/metagenomic_plasmid_srr11038083_codex_20260810_12vcpu_62gb/08_annotation/SRR11038083/final.contigs_plasmid.gff3
SRR11038083	contig_148	4624	4724	+	RNAI	RNAI		ncRNA	bakta	RFAM:RF00106,SO:0000655			/root/autodl-tmp/abi-real-data/results/metagenomic_plasmid_srr11038083_codex_20260810_12vcpu_62gb/08_annotation/SRR11038083/final.contigs_plasmid.gff3
SRR11038083	contig_148	4934	5740		eamA	EamA domain-containing protein		CDS	bakta	RefSeq:WP_285043608.1,SO:0001217,UniParc:UPI0003A7D0E7,UniRef:UniRef100_O86204,UniRef:UniRef50_O86204,UniRef:UniRef90_O86204			/root/autodl-tmp/abi-real-data/results/metagenomic_plasmid_srr11038083_codex_20260810_12vcpu_62gb/08_annotation/SRR11038083/final.contigs_plasmid.gff3
SRR11038083	contig_149	1	3314	+	contig_149	contig_149		region	bakta				/root/autodl-tmp/abi-real-data/results/metagenomic_plasmid_srr11038083_codex_20260810_12vcpu_62gb/08_annotation/SRR11038083/final.contigs_plasmid.gff3
SRR11038083	contig_149	244	423	+	HJHHLH_0372	hypothetical protein		CDS	bakta				/root/autodl-tmp/abi-real-data/results/metagenomic_plasmid_srr11038083_codex_20260810_12vcpu_62gb/08_annotation/SRR11038083/final.contigs_plasmid.gff3
SRR11038083	contig_149	761	2041	+	HJHHLH_0373	hypothetical protein		CDS	bakta				/root/autodl-tmp/abi-real-data/results/metagenomic_plasmid_srr11038083_codex_20260810_12vcpu_62gb/08_annotation/SRR11038083/final.contigs_plasmid.gff3
SRR11038083	contig_149	2141	2293		HJHHLH_0374	hypothetical protein		CDS	bakta				/root/autodl-tmp/abi-real-data/results/metagenomic_plasmid_srr11038083_codex_20260810_12vcpu_62gb/08_annotation/SRR11038083/final.contigs_plasmid.gff3
SRR11038083	contig_149	2298	2912		HJHHLH_0375	hypothetical protein		CDS	bakta				/root/autodl-tmp/abi-real-data/results/metagenomic_plasmid_srr11038083_codex_20260810_12vcpu_62gb/08_annotation/SRR11038083/final.contigs_plasmid.gff3
SRR11038083	contig_150	1	2228	+	contig_150	contig_150		region	bakta				/root/autodl-tmp/abi-real-data/results/metagenomic_plasmid_srr11038083_codex_20260810_12vcpu_62gb/08_annotation/SRR11038083/final.contigs_plasmid.gff3
SRR11038083	contig_150	129	347		HJHHLH_0376	hypothetical protein		CDS	bakta	PFAM:PF21432.3			/root/autodl-tmp/abi-real-data/results/metagenomic_plasmid_srr11038083_codex_20260810_12vcpu_62gb/08_annotation/SRR11038083/final.contigs_plasmid.gff3
SRR11038083	contig_150	552	1118		HJHHLH_0377	hypothetical protein		CDS	bakta				/root/autodl-tmp/abi-real-data/results/metagenomic_plasmid_srr11038083_codex_20260810_12vcpu_62gb/08_annotation/SRR11038083/final.contigs_plasmid.gff3
SRR11038083	contig_150	1072	2004		HJHHLH_0378	hypothetical protein		CDS	bakta				/root/autodl-tmp/abi-real-data/results/metagenomic_plasmid_srr11038083_codex_20260810_12vcpu_62gb/08_annotation/SRR11038083/final.contigs_plasmid.gff3
SRR11038083	contig_151	1	4336	+	contig_151	contig_151		region	bakta				/root/autodl-tmp/abi-real-data/results/metagenomic_plasmid_srr11038083_codex_20260810_12vcpu_62gb/08_annotation/SRR11038083/final.contigs_plasmid.gff3
SRR11038083	contig_151	71	295		HJHHLH_0379	hypothetical protein		CDS	bakta	RefSeq:WP_080095934.1,SO:0001217,UniParc:UPI0009AF1D77,UniRef:UniRef100_A0A5T8J938,UniRef:UniRef50_A0A5T8J938,UniRef:UniRef90_A0A5T8J938			/root/autodl-tmp/abi-real-data/results/metagenomic_plasmid_srr11038083_codex_20260810_12vcpu_62gb/08_annotation/SRR11038083/final.contigs_plasmid.gff3
SRR11038083	contig_151	375	1340		HJHHLH_0380	Replication protein		CDS	bakta	RefSeq:WP_147675949.1,SO:0001217,UniParc:UPI0011CA35AC,UniRef:UniRef100_UPI00159B9F72,UniRef:UniRef50_A0A511FSL3,UniRef:UniRef90_A0A5U1RG56			/root/autodl-tmp/abi-real-data/results/metagenomic_plasmid_srr11038083_codex_20260810_12vcpu_62gb/08_annotation/SRR11038083/final.contigs_plasmid.gff3
SRR11038083	contig_151	2485	2688	+	HJHHLH_0381	hypothetical protein		CDS	bakta	SO:0001217,UniRef:UniRef50_UPI001BDB7762,UniRef:UniRef90_UPI001BDB7762			/root/autodl-tmp/abi-real-data/results/metagenomic_plasmid_srr11038083_codex_20260810_12vcpu_62gb/08_annotation/SRR11038083/final.contigs_plasmid.gff3
SRR11038083	contig_151	2656	2850		HJHHLH_0382	hypothetical protein		CDS	bakta	SO:0001217,UniRef:UniRef50_A0A370V2U5,UniRef:UniRef90_A0A5U1RDL0			/root/autodl-tmp/abi-real-data/results/metagenomic_plasmid_srr11038083_codex_20260810_12vcpu_62gb/08_annotation/SRR11038083/final.contigs_plasmid.gff3
SRR11038083	contig_151	2850	3926		HJHHLH_0383	Type IV secretion system protein		CDS	bakta	KEGG:K03201,RefSeq:WP_139550363.1,SO:0001217,UniParc:UPI001119AB7A,UniRef:UniRef100_UPI001119AB7A,UniRef:UniRef50_A0A0H3GSB5,UniRef:UniRef90_A0A743DEE9			/root/autodl-tmp/abi-real-data/results/metagenomic_plasmid_srr11038083_codex_20260810_12vcpu_62gb/08_annotation/SRR11038083/final.contigs_plasmid.gff3
SRR11038083	contig_151	3928	4206		eexN	EexN family lipoprotein		CDS	bakta	RefSeq:WP_080095935.1,SO:0001217,UniParc:UPI0009AE73EF,UniRef:UniRef100_A0A612N4V7,UniRef:UniRef50_A0A5V0QEW2,UniRef:UniRef90_A0A5V0QEW2			/root/autodl-tmp/abi-real-data/results/metagenomic_plasmid_srr11038083_codex_20260810_12vcpu_62gb/08_annotation/SRR11038083/final.contigs_plasmid.gff3
SRR11038083	contig_152	1	8594	+	contig_152	contig_152		region	bakta				/root/autodl-tmp/abi-real-data/results/metagenomic_plasmid_srr11038083_codex_20260810_12vcpu_62gb/08_annotation/SRR11038083/final.contigs_plasmid.gff3
SRR11038083	contig_152	472	807	+	HJHHLH_0385	Mutator family transposase		CDS	bakta	SO:0001217,UniRef:UniRef50_A0A0D6PCU3			/root/autodl-tmp/abi-real-data/results/metagenomic_plasmid_srr11038083_codex_20260810_12vcpu_62gb/08_annotation/SRR11038083/final.contigs_plasmid.gff3
SRR11038083	contig_152	847	1137		tnp	IS3 family ISPye42 transposase ORF A		CDS	bakta	IS:ISPye42,SO:0001217,UniRef:UniRef50_A0A7R7HEQ3,UniRef:UniRef90_A0A8J3H316			/root/autodl-tmp/abi-real-data/results/metagenomic_plasmid_srr11038083_codex_20260810_12vcpu_62gb/08_annotation/SRR11038083/final.contigs_plasmid.gff3
SRR11038083	contig_152	1112	1285		HJHHLH_0387	hypothetical protein		CDS	bakta				/root/autodl-tmp/abi-real-data/results/metagenomic_plasmid_srr11038083_codex_20260810_12vcpu_62gb/08_annotation/SRR11038083/final.contigs_plasmid.gff3
SRR11038083	contig_152	1656	2498	+	HJHHLH_0388	Glycosyltransferase family 2 protein		CDS	bakta	SO:0001217,UniRef:UniRef50_A0A4Y5SQH2			/root/autodl-tmp/abi-real-data/results/metagenomic_plasmid_srr11038083_codex_20260810_12vcpu_62gb/08_annotation/SRR11038083/final.contigs_plasmid.gff3
SRR11038083	contig_152	2498	3277	+	HJHHLH_0389	Sulfotransferase family protein		CDS	bakta	SO:0001217,UniRef:UniRef50_A0A4U0RAQ1			/root/autodl-tmp/abi-real-data/results/metagenomic_plasmid_srr11038083_codex_20260810_12vcpu_62gb/08_annotation/SRR11038083/final.contigs_plasmid.gff3
SRR11038083	contig_152	3663	3935	+	HJHHLH_0390	hypothetical protein		CDS	bakta	SO:0001217,UniRef:UniRef50_UPI00174A0DEB			/root/autodl-tmp/abi-real-data/results/metagenomic_plasmid_srr11038083_codex_20260810_12vcpu_62gb/08_annotation/SRR11038083/final.contigs_plasmid.gff3
SRR11038083	contig_152	4535	4885	+	HJHHLH_0391	transposase		CDS	bakta	SO:0001217,UniRef:UniRef50_UPI0036094757			/root/autodl-tmp/abi-real-data/results/metagenomic_plasmid_srr11038083_codex_20260810_12vcpu_62gb/08_annotation/SRR11038083/final.contigs_plasmid.gff3
SRR11038083	contig_152	4873	5010	+	HJHHLH_0392	Transposase DDE domain-containing protein		CDS	bakta	SO:0001217,UniRef:UniRef50_A0A1G7J3E5			/root/autodl-tmp/abi-real-data/results/metagenomic_plasmid_srr11038083_codex_20260810_12vcpu_62gb/08_annotation/SRR11038083/final.contigs_plasmid.gff3
SRR11038083	contig_152	5686	7242	+	HJHHLH_0393	protein rep		CDS	bakta	SO:0001217,UniRef:UniRef50_UPI000B4A25D2			/root/autodl-tmp/abi-real-data/results/metagenomic_plasmid_srr11038083_codex_20260810_12vcpu_62gb/08_annotation/SRR11038083/final.contigs_plasmid.gff3
SRR11038083	contig_152	7239	8333	+	HJHHLH_0394	Tyr recombinase domain-containing protein		CDS	bakta	SO:0001217,UniRef:UniRef50_A0A2S6CNX2,UniRef:UniRef90_A0A2S6CNX2			/root/autodl-tmp/abi-real-data/results/metagenomic_plasmid_srr11038083_codex_20260810_12vcpu_62gb/08_annotation/SRR11038083/final.contigs_plasmid.gff3
SRR11038083	contig_152	8286	8507		HJHHLH_0395	hypothetical protein		CDS	bakta				/root/autodl-tmp/abi-real-data/results/metagenomic_plasmid_srr11038083_codex_20260810_12vcpu_62gb/08_annotation/SRR11038083/final.contigs_plasmid.gff3
SRR11038083	contig_153	1	2047	+	contig_153	contig_153		region	bakta				/root/autodl-tmp/abi-real-data/results/metagenomic_plasmid_srr11038083_codex_20260810_12vcpu_62gb/08_annotation/SRR11038083/final.contigs_plasmid.gff3
SRR11038083	contig_153	9	341	+	HJHHLH_0396	hypothetical protein		CDS	bakta				/root/autodl-tmp/abi-real-data/results/metagenomic_plasmid_srr11038083_codex_20260810_12vcpu_62gb/08_annotation/SRR11038083/final.contigs_plasmid.gff3
SRR11038083	contig_153	395	712	+	HJHHLH_0397	hypothetical protein		CDS	bakta				/root/autodl-tmp/abi-real-data/results/metagenomic_plasmid_srr11038083_codex_20260810_12vcpu_62gb/08_annotation/SRR11038083/final.contigs_plasmid.gff3
SRR11038083	contig_153	857	1855	+	HJHHLH_0398	hypothetical protein		CDS	bakta				/root/autodl-tmp/abi-real-data/results/metagenomic_plasmid_srr11038083_codex_20260810_12vcpu_62gb/08_annotation/SRR11038083/final.contigs_plasmid.gff3
SRR11038083	contig_154	1	7180	+	contig_154	contig_154		region	bakta				/root/autodl-tmp/abi-real-data/results/metagenomic_plasmid_srr11038083_codex_20260810_12vcpu_62gb/08_annotation/SRR11038083/final.contigs_plasmid.gff3
SRR11038083	contig_154	15	314		HJHHLH_0399	Type II toxin-antitoxin system antitoxin%2C RelB/DinJ family		CDS	bakta	KEGG:K07473,RefSeq:WP_095641470.1,SO:0001217,UniParc:UPI000BABF64C,UniRef:UniRef100_A0A2A2GBF9,UniRef:UniRef50_A0A1N6RZA9,UniRef:UniRef90_A0A2A2GBF9			/root/autodl-tmp/abi-real-data/results/metagenomic_plasmid_srr11038083_codex_20260810_12vcpu_62gb/08_annotation/SRR11038083/final.contigs_plasmid.gff3
SRR11038083	contig_154	596	958	+	HJHHLH_0400	Bacterial mobilisation domain-containing protein		CDS	bakta	SO:0001217,UniRef:UniRef50_K2GLX2			/root/autodl-tmp/abi-real-data/results/metagenomic_plasmid_srr11038083_codex_20260810_12vcpu_62gb/08_annotation/SRR11038083/final.contigs_plasmid.gff3
SRR11038083	contig_154	958	2472	+	HJHHLH_0401	relaxase/mobilization nuclease domain-containing protein		CDS	bakta	SO:0001217,UniRef:UniRef50_A0A5C4MKU7,UniRef:UniRef90_UPI001071B6DD			/root/autodl-tmp/abi-real-data/results/metagenomic_plasmid_srr11038083_codex_20260810_12vcpu_62gb/08_annotation/SRR11038083/final.contigs_plasmid.gff3
SRR11038083	contig_154	2667	2999	+	HJHHLH_0402	Transcriptional regulator		CDS	bakta	RefSeq:WP_095641476.1,SO:0001217,UniParc:UPI000BABECD2,UniRef:UniRef100_A0A2A2GCH9,UniRef:UniRef50_A0A1L3LZE9,UniRef:UniRef90_A0A2A2GCH9			/root/autodl-tmp/abi-real-data/results/metagenomic_plasmid_srr11038083_codex_20260810_12vcpu_62gb/08_annotation/SRR11038083/final.contigs_plasmid.gff3
SRR11038083	contig_154	3016	4092	+	arsB	ACR3 family arsenite efflux transporter		CDS	bakta	GO:0008490,GO:0015103,GO:0015297,GO:0015700,GO:0016020,GO:0046685,KEGG:K03325,RefSeq:WP_296222183.1,SO:0001217,UniParc:UPI0025DDD991,UniRef:UniRef100_A0A2A2GCQ8,UniRef:UniRef50_A6TP80,UniRef:UniRef90_A0A2A2GCQ8			/root/autodl-tmp/abi-real-data/results/metagenomic_plasmid_srr11038083_codex_20260810_12vcpu_62gb/08_annotation/SRR11038083/final.contigs_plasmid.gff3
SRR11038083	contig_154	4089	4505	+	arsC	arsenate reductase (glutaredoxin)		CDS	bakta	EC:1.20.4.1,GO:0008794,GO:0046685,KEGG:K00537,RefSeq:WP_296222180.1,SO:0001217,UniParc:UPI0025F6AF87,UniRef:UniRef100_UPI0025F6AF87,UniRef:UniRef50_Q92R44,UniRef:UniRef90_A0A2A2GD24			/root/autodl-tmp/abi-real-data/results/metagenomic_plasmid_srr11038083_codex_20260810_12vcpu_62gb/08_annotation/SRR11038083/final.contigs_plasmid.gff3
SRR11038083	contig_154	4498	5214	+	arsH	arsenical resistance protein ArsH		CDS	bakta	GO:0046685,RefSeq:WP_095641477.1,SO:0001217,UniParc:UPI000BABD8F8,UniRef:UniRef100_A0A2A2GAB4,UniRef:UniRef50_P74312,UniRef:UniRef90_A0A2A2GAB4			/root/autodl-tmp/abi-real-data/results/metagenomic_plasmid_srr11038083_codex_20260810_12vcpu_62gb/08_annotation/SRR11038083/final.contigs_plasmid.gff3
SRR11038083	contig_154	5276	5671		HJHHLH_0406	Helix-turn-helix domain-containing protein		CDS	bakta	RefSeq:WP_296222177.1,SO:0001217,UniParc:UPI0025E2E457,UniRef:UniRef100_UPI0025E2E457,UniRef:UniRef50_A0A0H5Q4Z1,UniRef:UniRef90_A0A2A2GAT9			/root/autodl-tmp/abi-real-data/results/metagenomic_plasmid_srr11038083_codex_20260810_12vcpu_62gb/08_annotation/SRR11038083/final.contigs_plasmid.gff3
SRR11038083	contig_154	5749	6483		HJHHLH_0407	HTH marR-type domain-containing protein		CDS	bakta	RefSeq:WP_095641472.1,SO:0001217,UniParc:UPI000BABD3A9,UniRef:UniRef100_A0A2A2GBV1,UniRef:UniRef50_A0A1L9BLF1,UniRef:UniRef90_A0A2A2GBV1			/root/autodl-tmp/abi-real-data/results/metagenomic_plasmid_srr11038083_codex_20260810_12vcpu_62gb/08_annotation/SRR11038083/final.contigs_plasmid.gff3
SRR11038083	contig_154	6792	7067		HJHHLH_0408	Addiction module antitoxin		CDS	bakta	RefSeq:WP_296222174.1,SO:0001217,UniParc:UPI0025F435FD,UniRef:UniRef100_UPI0025F435FD,UniRef:UniRef50_A0A0M2KDZ1,UniRef:UniRef90_A0A0H5Q5F3			/root/autodl-tmp/abi-real-data/results/metagenomic_plasmid_srr11038083_codex_20260810_12vcpu_62gb/08_annotation/SRR11038083/final.contigs_plasmid.gff3
SRR11038083	contig_155	1	3094	+	contig_155	contig_155		region	bakta				/root/autodl-tmp/abi-real-data/results/metagenomic_plasmid_srr11038083_codex_20260810_12vcpu_62gb/08_annotation/SRR11038083/final.contigs_plasmid.gff3
SRR11038083	contig_155	342	797		HJHHLH_0409	hypothetical protein		CDS	bakta				/root/autodl-tmp/abi-real-data/results/metagenomic_plasmid_srr11038083_codex_20260810_12vcpu_62gb/08_annotation/SRR11038083/final.contigs_plasmid.gff3
SRR11038083	contig_155	1035	2015	+	mobV	MobV family relaxase		CDS	bakta	GO:0003677,GO:0006310,RefSeq:WP_202980211.1,SO:0001217,UniParc:UPI0006A0812C,UniRef:UniRef100_UPI000750C5B9,UniRef:UniRef50_Q9Z5R6,UniRef:UniRef90_A0A742NTD2			/root/autodl-tmp/abi-real-data/results/metagenomic_plasmid_srr11038083_codex_20260810_12vcpu_62gb/08_annotation/SRR11038083/final.contigs_plasmid.gff3
SRR11038083	contig_155	2261	2461		HJHHLH_0411	hypothetical protein		CDS	bakta	RefSeq:WP_052977688.1,SO:0001217,UniParc:UPI0006636194,UniRef:UniRef100_UPI0006636194,UniRef:UniRef50_UPI0006636194,UniRef:UniRef90_UPI0006636194			/root/autodl-tmp/abi-real-data/results/metagenomic_plasmid_srr11038083_codex_20260810_12vcpu_62gb/08_annotation/SRR11038083/final.contigs_plasmid.gff3
SRR11038083	contig_155	2464	3084		HJHHLH_0412	helix-turn-helix domain-containing protein		CDS	bakta	SO:0001217,UniRef:UniRef50_A0A626CE89,UniRef:UniRef90_UPI001C0A7A11			/root/autodl-tmp/abi-real-data/results/metagenomic_plasmid_srr11038083_codex_20260810_12vcpu_62gb/08_annotation/SRR11038083/final.contigs_plasmid.gff3
SRR11038083	contig_156	1	6373	+	contig_156	contig_156		region	bakta				/root/autodl-tmp/abi-real-data/results/metagenomic_plasmid_srr11038083_codex_20260810_12vcpu_62gb/08_annotation/SRR11038083/final.contigs_plasmid.gff3
SRR11038083	contig_156	19	1077	+	HJHHLH_0413	hypothetical protein		CDS	bakta				/root/autodl-tmp/abi-real-data/results/metagenomic_plasmid_srr11038083_codex_20260810_12vcpu_62gb/08_annotation/SRR11038083/final.contigs_plasmid.gff3
SRR11038083	contig_156	1079	1558		lspA	signal peptidase II		CDS	bakta	EC:3.4.23.36,GO:0004190,GO:0005886,GO:0006508,GO:0009306,RefSeq:WP_088239308.1,SO:0001217,UniParc:UPI0005D9763C,UniRef:UniRef100_A0A0D5A0Z9,UniRef:UniRef50_A0A0D5A0Z9,UniRef:UniRef90_A0A0D5A0Z9			/root/autodl-tmp/abi-real-data/results/metagenomic_plasmid_srr11038083_codex_20260810_12vcpu_62gb/08_annotation/SRR11038083/final.contigs_plasmid.gff3
SRR11038083	contig_156	1555	2424		HJHHLH_0415	Cation transporter		CDS	bakta	RefSeq:WP_028720581.1,SO:0001217,UniParc:UPI0004917819,UniRef:UniRef100_A0A0D5A1K1,UniRef:UniRef50_A0A0F5L736,UniRef:UniRef90_A0A1V0GYR3			/root/autodl-tmp/abi-real-data/results/metagenomic_plasmid_srr11038083_codex_20260810_12vcpu_62gb/08_annotation/SRR11038083/final.contigs_plasmid.gff3
SRR11038083	contig_156	2493	2933	+	zntR	HTH-type transcriptional regulator ZntR		CDS	bakta	RefSeq:WP_051578295.1,SO:0001217,UniParc:UPI0005D9DA27,UniRef:UniRef100_A0A0D5A0P4,UniRef:UniRef50_A0A380TMN2,UniRef:UniRef90_A0A3S4GKI9			/root/autodl-tmp/abi-real-data/results/metagenomic_plasmid_srr11038083_codex_20260810_12vcpu_62gb/08_annotation/SRR11038083/final.contigs_plasmid.gff3
SRR11038083	contig_156	2956	3351		HJHHLH_0417	Recombinase		CDS	bakta	RefSeq:WP_028720580.1,SO:0001217,UniParc:UPI00048D5E60,UniRef:UniRef100_A0A2W6SQ45,UniRef:UniRef50_A0A0H5Q4Z1,UniRef:UniRef90_A0A2W6SQ45			/root/autodl-tmp/abi-real-data/results/metagenomic_plasmid_srr11038083_codex_20260810_12vcpu_62gb/08_annotation/SRR11038083/final.contigs_plasmid.gff3
SRR11038083	contig_156	3429	4163		HJHHLH_0418	winged helix DNA-binding protein		CDS	bakta	RefSeq:WP_112875558.1,SO:0001217,UniParc:UPI000DB43C7F,UniRef:UniRef100_UPI000DB43C7F,UniRef:UniRef50_A0A1L9BLF1,UniRef:UniRef90_UPI000DB43C7F			/root/autodl-tmp/abi-real-data/results/metagenomic_plasmid_srr11038083_codex_20260810_12vcpu_62gb/08_annotation/SRR11038083/final.contigs_plasmid.gff3
SRR11038083	contig_156	4470	4877		HJHHLH_0419	DUF2442 domain-containing protein		CDS	bakta	RefSeq:WP_112875557.1,SO:0001217,UniParc:UPI000DB08F4E,UniRef:UniRef100_A0A2W6SLJ6,UniRef:UniRef50_A0A2V4R235,UniRef:UniRef90_A0A6L6HSM0			/root/autodl-tmp/abi-real-data/results/metagenomic_plasmid_srr11038083_codex_20260810_12vcpu_62gb/08_annotation/SRR11038083/final.contigs_plasmid.gff3
SRR11038083	contig_156	4864	5112		HJHHLH_0420	DUF4160 domain-containing protein		CDS	bakta	RefSeq:WP_112875556.1,SO:0001217,UniParc:UPI000DB320E3,UniRef:UniRef100_A0A2W6SNW1,UniRef:UniRef50_A0A126NR20,UniRef:UniRef90_A0A0D5A0P9			/root/autodl-tmp/abi-real-data/results/metagenomic_plasmid_srr11038083_codex_20260810_12vcpu_62gb/08_annotation/SRR11038083/final.contigs_plasmid.gff3
SRR11038083	contig_156	5149	5406	+	HJHHLH_0421	hypothetical protein		CDS	bakta				/root/autodl-tmp/abi-real-data/results/metagenomic_plasmid_srr11038083_codex_20260810_12vcpu_62gb/08_annotation/SRR11038083/final.contigs_plasmid.gff3
SRR11038083	contig_156	5406	5768	+	mobC	Plasmid mobilization relaxosome protein MobC		CDS	bakta	RefSeq:WP_112875555.1,SO:0001217,UniParc:UPI000DB133CB,UniRef:UniRef100_A0A2W6SM20,UniRef:UniRef50_K2GLX2,UniRef:UniRef90_A0A6L6HSK9			/root/autodl-tmp/abi-real-data/results/metagenomic_plasmid_srr11038083_codex_20260810_12vcpu_62gb/08_annotation/SRR11038083/final.contigs_plasmid.gff3
SRR11038083	contig_156	5926	6363	+	HJHHLH_0423	hypothetical protein		CDS	bakta				/root/autodl-tmp/abi-real-data/results/metagenomic_plasmid_srr11038083_codex_20260810_12vcpu_62gb/08_annotation/SRR11038083/final.contigs_plasmid.gff3
SRR11038083	k141_1082 flag=3 multi=491.2337 len=2242	1479..1711			Col(BS512)	plasmid replicon		replicon	plasmidfinder	identity=100.0	100.0		/root/autodl-tmp/abi-real-data/results/metagenomic_plasmid_srr11038083_codex_20260810_12vcpu_62gb/06_plasmid_typing/SRR11038083/results_tab.tsv
SRR11038083	k141_967 flag=1 multi=338.0000 len=2017	1644..1846			Col(MG828)	plasmid replicon		replicon	plasmidfinder	identity=94.09	94.09		/root/autodl-tmp/abi-real-data/results/metagenomic_plasmid_srr11038083_codex_20260810_12vcpu_62gb/06_plasmid_typing/SRR11038083/results_tab.tsv
SRR11038083	k141_1053 flag=3 multi=286.1570 len=1963	1262..1514			Col(MG828)	plasmid replicon		replicon	plasmidfinder	identity=92.89	92.89		/root/autodl-tmp/abi-real-data/results/metagenomic_plasmid_srr11038083_codex_20260810_12vcpu_62gb/06_plasmid_typing/SRR11038083/results_tab.tsv
SRR11038083	k141_241 flag=1 multi=137.1930 len=1680	70..331			Col(MG828)	plasmid replicon		replicon	plasmidfinder	identity=93.51	93.51		/root/autodl-tmp/abi-real-data/results/metagenomic_plasmid_srr11038083_codex_20260810_12vcpu_62gb/06_plasmid_typing/SRR11038083/results_tab.tsv
SRR11038083	k141_775 flag=1 multi=120.0000 len=6157	413..543			Col(pHAD28)	plasmid replicon		replicon	plasmidfinder	identity=92.37	92.37		/root/autodl-tmp/abi-real-data/results/metagenomic_plasmid_srr11038083_codex_20260810_12vcpu_62gb/06_plasmid_typing/SRR11038083/results_tab.tsv
SRR11038083	k141_880 flag=1 multi=11.0000 len=5285	540..693			Col156	plasmid replicon		replicon	plasmidfinder	identity=94.81	94.81		/root/autodl-tmp/abi-real-data/results/metagenomic_plasmid_srr11038083_codex_20260810_12vcpu_62gb/06_plasmid_typing/SRR11038083/results_tab.tsv
SRR11038083	k141_368 flag=1 multi=577.6337 len=6695	2875..3067			ColpVC	plasmid replicon		replicon	plasmidfinder	identity=100.0	100.0		/root/autodl-tmp/abi-real-data/results/metagenomic_plasmid_srr11038083_codex_20260810_12vcpu_62gb/06_plasmid_typing/SRR11038083/results_tab.tsv
SRR11038083	k141_368 flag=1 multi=577.6337 len=6695	892..1084			ColpVC	plasmid replicon		replicon	plasmidfinder	identity=94.82	94.82		/root/autodl-tmp/abi-real-data/results/metagenomic_plasmid_srr11038083_codex_20260810_12vcpu_62gb/06_plasmid_typing/SRR11038083/results_tab.tsv
SRR11038083	k141_524 flag=3 multi=10090.1272 len=2893	1410..2089			repUS2	plasmid replicon		replicon	plasmidfinder	identity=98.53	98.53		/root/autodl-tmp/abi-real-data/results/metagenomic_plasmid_srr11038083_codex_20260810_12vcpu_62gb/06_plasmid_typing/SRR11038083/results_tab.tsv
