sample_id	contig_id	gene_id	start	end	strand	gene	product	functional_label	tool	source_file
SRR11038083	contig_1	contig_1	1	5370	+	contig_1	contig_1	region	bakta	/root/autodl-tmp/abi-real-data/results/metagenomic_plasmid_srr11038083_codex_20260810_12vcpu_62gb/08_annotation/SRR11038083/final.contigs_plasmid.gff3
SRR11038083	contig_1	relE	25	285	+	relE	Toxin-antitoxin system%2C toxin component%2C RelE family	CDS	bakta	/root/autodl-tmp/abi-real-data/results/metagenomic_plasmid_srr11038083_codex_20260810_12vcpu_62gb/08_annotation/SRR11038083/final.contigs_plasmid.gff3
SRR11038083	contig_1	HJHHLH_0002	428	769		HJHHLH_0002	hypothetical protein	CDS	bakta	/root/autodl-tmp/abi-real-data/results/metagenomic_plasmid_srr11038083_codex_20260810_12vcpu_62gb/08_annotation/SRR11038083/final.contigs_plasmid.gff3
SRR11038083	contig_1	HJHHLH_0003	1115	1303	+	HJHHLH_0003	hypothetical protein	CDS	bakta	/root/autodl-tmp/abi-real-data/results/metagenomic_plasmid_srr11038083_codex_20260810_12vcpu_62gb/08_annotation/SRR11038083/final.contigs_plasmid.gff3
SRR11038083	contig_1	HJHHLH_0004	1305	2360	+	HJHHLH_0004	Replication initiation protein	CDS	bakta	/root/autodl-tmp/abi-real-data/results/metagenomic_plasmid_srr11038083_codex_20260810_12vcpu_62gb/08_annotation/SRR11038083/final.contigs_plasmid.gff3
SRR11038083	contig_1	HJHHLH_0005	2481	3944	+	HJHHLH_0005	MobA/VirD2-like nuclease domain-containing protein	CDS	bakta	/root/autodl-tmp/abi-real-data/results/metagenomic_plasmid_srr11038083_codex_20260810_12vcpu_62gb/08_annotation/SRR11038083/final.contigs_plasmid.gff3
SRR11038083	contig_1	HJHHLH_0006	4093	4647	+	HJHHLH_0006	ORF6N domain-containing protein	CDS	bakta	/root/autodl-tmp/abi-real-data/results/metagenomic_plasmid_srr11038083_codex_20260810_12vcpu_62gb/08_annotation/SRR11038083/final.contigs_plasmid.gff3
SRR11038083	contig_2	contig_2	1	1316	+	contig_2	contig_2	region	bakta	/root/autodl-tmp/abi-real-data/results/metagenomic_plasmid_srr11038083_codex_20260810_12vcpu_62gb/08_annotation/SRR11038083/final.contigs_plasmid.gff3
SRR11038083	contig_2	HJHHLH_0007	538	1041		HJHHLH_0007	Helix-turn-helix type 11 domain-containing protein	CDS	bakta	/root/autodl-tmp/abi-real-data/results/metagenomic_plasmid_srr11038083_codex_20260810_12vcpu_62gb/08_annotation/SRR11038083/final.contigs_plasmid.gff3
SRR11038083	contig_3	contig_3	1	614	+	contig_3	contig_3	region	bakta	/root/autodl-tmp/abi-real-data/results/metagenomic_plasmid_srr11038083_codex_20260810_12vcpu_62gb/08_annotation/SRR11038083/final.contigs_plasmid.gff3
SRR11038083	contig_4	contig_4	1	641	+	contig_4	contig_4	region	bakta	/root/autodl-tmp/abi-real-data/results/metagenomic_plasmid_srr11038083_codex_20260810_12vcpu_62gb/08_annotation/SRR11038083/final.contigs_plasmid.gff3
SRR11038083	contig_5	contig_5	1	1805	+	contig_5	contig_5	region	bakta	/root/autodl-tmp/abi-real-data/results/metagenomic_plasmid_srr11038083_codex_20260810_12vcpu_62gb/08_annotation/SRR11038083/final.contigs_plasmid.gff3
SRR11038083	contig_5	HJHHLH_0008	18	737	+	HJHHLH_0008	Replication protein	CDS	bakta	/root/autodl-tmp/abi-real-data/results/metagenomic_plasmid_srr11038083_codex_20260810_12vcpu_62gb/08_annotation/SRR11038083/final.contigs_plasmid.gff3
SRR11038083	contig_5	HJHHLH_0009	764	1201	+	HJHHLH_0009	hypothetical protein	CDS	bakta	/root/autodl-tmp/abi-real-data/results/metagenomic_plasmid_srr11038083_codex_20260810_12vcpu_62gb/08_annotation/SRR11038083/final.contigs_plasmid.gff3
SRR11038083	contig_5	HJHHLH_0010	1083	1532		HJHHLH_0010	hypothetical protein	CDS	bakta	/root/autodl-tmp/abi-real-data/results/metagenomic_plasmid_srr11038083_codex_20260810_12vcpu_62gb/08_annotation/SRR11038083/final.contigs_plasmid.gff3
SRR11038083	contig_6	contig_6	1	845	+	contig_6	contig_6	region	bakta	/root/autodl-tmp/abi-real-data/results/metagenomic_plasmid_srr11038083_codex_20260810_12vcpu_62gb/08_annotation/SRR11038083/final.contigs_plasmid.gff3
SRR11038083	contig_6	HJHHLH_0011	282	557	+	HJHHLH_0011	RNA polymerase sigma factor%2C sigma-70 family	CDS	bakta	/root/autodl-tmp/abi-real-data/results/metagenomic_plasmid_srr11038083_codex_20260810_12vcpu_62gb/08_annotation/SRR11038083/final.contigs_plasmid.gff3
SRR11038083	contig_7	contig_7	1	634	+	contig_7	contig_7	region	bakta	/root/autodl-tmp/abi-real-data/results/metagenomic_plasmid_srr11038083_codex_20260810_12vcpu_62gb/08_annotation/SRR11038083/final.contigs_plasmid.gff3
SRR11038083	contig_7	HJHHLH_0012	24	596	+	HJHHLH_0012	MobA/MobL family protein	CDS	bakta	/root/autodl-tmp/abi-real-data/results/metagenomic_plasmid_srr11038083_codex_20260810_12vcpu_62gb/08_annotation/SRR11038083/final.contigs_plasmid.gff3
SRR11038083	contig_8	contig_8	1	423	+	contig_8	contig_8	region	bakta	/root/autodl-tmp/abi-real-data/results/metagenomic_plasmid_srr11038083_codex_20260810_12vcpu_62gb/08_annotation/SRR11038083/final.contigs_plasmid.gff3
SRR11038083	contig_8	mbpA	49	348		mbpA	mobilization protein MbpA	CDS	bakta	/root/autodl-tmp/abi-real-data/results/metagenomic_plasmid_srr11038083_codex_20260810_12vcpu_62gb/08_annotation/SRR11038083/final.contigs_plasmid.gff3
SRR11038083	contig_9	contig_9	1	3162	+	contig_9	contig_9	region	bakta	/root/autodl-tmp/abi-real-data/results/metagenomic_plasmid_srr11038083_codex_20260810_12vcpu_62gb/08_annotation/SRR11038083/final.contigs_plasmid.gff3
SRR11038083	contig_9	HJHHLH_0014	157	891	+	HJHHLH_0014	hypothetical protein	CDS	bakta	/root/autodl-tmp/abi-real-data/results/metagenomic_plasmid_srr11038083_codex_20260810_12vcpu_62gb/08_annotation/SRR11038083/final.contigs_plasmid.gff3
SRR11038083	contig_9	HJHHLH_0015	906	1289	+	HJHHLH_0015	hypothetical protein	CDS	bakta	/root/autodl-tmp/abi-real-data/results/metagenomic_plasmid_srr11038083_codex_20260810_12vcpu_62gb/08_annotation/SRR11038083/final.contigs_plasmid.gff3
SRR11038083	contig_9	HJHHLH_0016	1812	2804	+	HJHHLH_0016	hypothetical protein	CDS	bakta	/root/autodl-tmp/abi-real-data/results/metagenomic_plasmid_srr11038083_codex_20260810_12vcpu_62gb/08_annotation/SRR11038083/final.contigs_plasmid.gff3
SRR11038083	contig_10	contig_10	1	5099	+	contig_10	contig_10	region	bakta	/root/autodl-tmp/abi-real-data/results/metagenomic_plasmid_srr11038083_codex_20260810_12vcpu_62gb/08_annotation/SRR11038083/final.contigs_plasmid.gff3
SRR11038083	contig_10	brnA	351	641		brnA	BrnA antitoxin of type II toxin-antitoxin system	CDS	bakta	/root/autodl-tmp/abi-real-data/results/metagenomic_plasmid_srr11038083_codex_20260810_12vcpu_62gb/08_annotation/SRR11038083/final.contigs_plasmid.gff3
SRR11038083	contig_10	brnT	638	886		brnT	BrnT family toxin	CDS	bakta	/root/autodl-tmp/abi-real-data/results/metagenomic_plasmid_srr11038083_codex_20260810_12vcpu_62gb/08_annotation/SRR11038083/final.contigs_plasmid.gff3
SRR11038083	contig_10	HJHHLH_0019	968	1483	+	HJHHLH_0019	hypothetical protein	CDS	bakta	/root/autodl-tmp/abi-real-data/results/metagenomic_plasmid_srr11038083_codex_20260810_12vcpu_62gb/08_annotation/SRR11038083/final.contigs_plasmid.gff3
SRR11038083	contig_10	HJHHLH_0020	1606	2628	+	HJHHLH_0020	Initiator Rep protein WH1 domain-containing protein	CDS	bakta	/root/autodl-tmp/abi-real-data/results/metagenomic_plasmid_srr11038083_codex_20260810_12vcpu_62gb/08_annotation/SRR11038083/final.contigs_plasmid.gff3
SRR11038083	contig_10	HJHHLH_0021	2702	3109	+	HJHHLH_0021	Helix-turn-helix domain-containing protein	CDS	bakta	/root/autodl-tmp/abi-real-data/results/metagenomic_plasmid_srr11038083_codex_20260810_12vcpu_62gb/08_annotation/SRR11038083/final.contigs_plasmid.gff3
SRR11038083	contig_10	HJHHLH_0022	3251	3943		HJHHLH_0022	hypothetical protein	CDS	bakta	/root/autodl-tmp/abi-real-data/results/metagenomic_plasmid_srr11038083_codex_20260810_12vcpu_62gb/08_annotation/SRR11038083/final.contigs_plasmid.gff3
SRR11038083	contig_10	HJHHLH_0023	4094	4465		HJHHLH_0023	hypothetical protein	CDS	bakta	/root/autodl-tmp/abi-real-data/results/metagenomic_plasmid_srr11038083_codex_20260810_12vcpu_62gb/08_annotation/SRR11038083/final.contigs_plasmid.gff3
SRR11038083	contig_10	lspA	4516	4992	+	lspA	signal peptidase II	CDS	bakta	/root/autodl-tmp/abi-real-data/results/metagenomic_plasmid_srr11038083_codex_20260810_12vcpu_62gb/08_annotation/SRR11038083/final.contigs_plasmid.gff3
SRR11038083	contig_11	contig_11	1	4920	+	contig_11	contig_11	region	bakta	/root/autodl-tmp/abi-real-data/results/metagenomic_plasmid_srr11038083_codex_20260810_12vcpu_62gb/08_annotation/SRR11038083/final.contigs_plasmid.gff3
SRR11038083	contig_11	HJHHLH_0025	149	328	+	HJHHLH_0025	hypothetical protein	CDS	bakta	/root/autodl-tmp/abi-real-data/results/metagenomic_plasmid_srr11038083_codex_20260810_12vcpu_62gb/08_annotation/SRR11038083/final.contigs_plasmid.gff3
SRR11038083	contig_11	HJHHLH_0026	332	1861	+	HJHHLH_0026	Replication protein	CDS	bakta	/root/autodl-tmp/abi-real-data/results/metagenomic_plasmid_srr11038083_codex_20260810_12vcpu_62gb/08_annotation/SRR11038083/final.contigs_plasmid.gff3
SRR11038083	contig_11	HJHHLH_0027	2106	2387	+	HJHHLH_0027	Type II toxin-antitoxin system RelB/DinJ family antitoxin	CDS	bakta	/root/autodl-tmp/abi-real-data/results/metagenomic_plasmid_srr11038083_codex_20260810_12vcpu_62gb/08_annotation/SRR11038083/final.contigs_plasmid.gff3
SRR11038083	contig_11	yafQ	2380	2652	+	yafQ	mRNA interferase YafQ	CDS	bakta	/root/autodl-tmp/abi-real-data/results/metagenomic_plasmid_srr11038083_codex_20260810_12vcpu_62gb/08_annotation/SRR11038083/final.contigs_plasmid.gff3
SRR11038083	contig_11	HJHHLH_0029	2671	2919	+	HJHHLH_0029	DUF5060 domain-containing protein	CDS	bakta	/root/autodl-tmp/abi-real-data/results/metagenomic_plasmid_srr11038083_codex_20260810_12vcpu_62gb/08_annotation/SRR11038083/final.contigs_plasmid.gff3
SRR11038083	contig_11	HJHHLH_0030	2916	3449	+	HJHHLH_0030	hypothetical protein	CDS	bakta	/root/autodl-tmp/abi-real-data/results/metagenomic_plasmid_srr11038083_codex_20260810_12vcpu_62gb/08_annotation/SRR11038083/final.contigs_plasmid.gff3
SRR11038083	contig_11	HJHHLH_0031	3533	3886	+	HJHHLH_0031	XRE family transcriptional regulator	CDS	bakta	/root/autodl-tmp/abi-real-data/results/metagenomic_plasmid_srr11038083_codex_20260810_12vcpu_62gb/08_annotation/SRR11038083/final.contigs_plasmid.gff3
SRR11038083	contig_12	contig_12	1	4042	+	contig_12	contig_12	region	bakta	/root/autodl-tmp/abi-real-data/results/metagenomic_plasmid_srr11038083_codex_20260810_12vcpu_62gb/08_annotation/SRR11038083/final.contigs_plasmid.gff3
SRR11038083	contig_12	HJHHLH_0032	119	1204	+	HJHHLH_0032	hypothetical protein	CDS	bakta	/root/autodl-tmp/abi-real-data/results/metagenomic_plasmid_srr11038083_codex_20260810_12vcpu_62gb/08_annotation/SRR11038083/final.contigs_plasmid.gff3
SRR11038083	contig_12	HJHHLH_0033	1395	2837	+	HJHHLH_0033	hypothetical protein	CDS	bakta	/root/autodl-tmp/abi-real-data/results/metagenomic_plasmid_srr11038083_codex_20260810_12vcpu_62gb/08_annotation/SRR11038083/final.contigs_plasmid.gff3
SRR11038083	contig_12	HJHHLH_0034	2922	3386	+	HJHHLH_0034	hypothetical protein	CDS	bakta	/root/autodl-tmp/abi-real-data/results/metagenomic_plasmid_srr11038083_codex_20260810_12vcpu_62gb/08_annotation/SRR11038083/final.contigs_plasmid.gff3
SRR11038083	contig_12	HJHHLH_0035	3415	3921	+	HJHHLH_0035	hypothetical protein	CDS	bakta	/root/autodl-tmp/abi-real-data/results/metagenomic_plasmid_srr11038083_codex_20260810_12vcpu_62gb/08_annotation/SRR11038083/final.contigs_plasmid.gff3
SRR11038083	contig_13	contig_13	1	566	+	contig_13	contig_13	region	bakta	/root/autodl-tmp/abi-real-data/results/metagenomic_plasmid_srr11038083_codex_20260810_12vcpu_62gb/08_annotation/SRR11038083/final.contigs_plasmid.gff3
SRR11038083	contig_14	contig_14	1	820	+	contig_14	contig_14	region	bakta	/root/autodl-tmp/abi-real-data/results/metagenomic_plasmid_srr11038083_codex_20260810_12vcpu_62gb/08_annotation/SRR11038083/final.contigs_plasmid.gff3
SRR11038083	contig_15	contig_15	1	1497	+	contig_15	contig_15	region	bakta	/root/autodl-tmp/abi-real-data/results/metagenomic_plasmid_srr11038083_codex_20260810_12vcpu_62gb/08_annotation/SRR11038083/final.contigs_plasmid.gff3
SRR11038083	contig_15	HJHHLH_0036	25	903	+	HJHHLH_0036	Replication protein	CDS	bakta	/root/autodl-tmp/abi-real-data/results/metagenomic_plasmid_srr11038083_codex_20260810_12vcpu_62gb/08_annotation/SRR11038083/final.contigs_plasmid.gff3
SRR11038083	contig_15	HJHHLH_0037	1149	1430	+	HJHHLH_0037	Type II toxin-antitoxin system RelB/DinJ family antitoxin	CDS	bakta	/root/autodl-tmp/abi-real-data/results/metagenomic_plasmid_srr11038083_codex_20260810_12vcpu_62gb/08_annotation/SRR11038083/final.contigs_plasmid.gff3
SRR11038083	contig_16	contig_16	1	367	+	contig_16	contig_16	region	bakta	/root/autodl-tmp/abi-real-data/results/metagenomic_plasmid_srr11038083_codex_20260810_12vcpu_62gb/08_annotation/SRR11038083/final.contigs_plasmid.gff3
SRR11038083	contig_17	contig_17	1	2017	+	contig_17	contig_17	region	bakta	/root/autodl-tmp/abi-real-data/results/metagenomic_plasmid_srr11038083_codex_20260810_12vcpu_62gb/08_annotation/SRR11038083/final.contigs_plasmid.gff3
SRR11038083	contig_17	repA	176	712		repA	RepA protein	CDS	bakta	/root/autodl-tmp/abi-real-data/results/metagenomic_plasmid_srr11038083_codex_20260810_12vcpu_62gb/08_annotation/SRR11038083/final.contigs_plasmid.gff3
SRR11038083	contig_17	HJHHLH_0039	1626	1904	+	HJHHLH_0039	Rep protein	CDS	bakta	/root/autodl-tmp/abi-real-data/results/metagenomic_plasmid_srr11038083_codex_20260810_12vcpu_62gb/08_annotation/SRR11038083/final.contigs_plasmid.gff3
SRR11038083	contig_18	contig_18	1	853	+	contig_18	contig_18	region	bakta	/root/autodl-tmp/abi-real-data/results/metagenomic_plasmid_srr11038083_codex_20260810_12vcpu_62gb/08_annotation/SRR11038083/final.contigs_plasmid.gff3
SRR11038083	contig_18	HJHHLH_0040	352	849		HJHHLH_0040	Replication protein	CDS	bakta	/root/autodl-tmp/abi-real-data/results/metagenomic_plasmid_srr11038083_codex_20260810_12vcpu_62gb/08_annotation/SRR11038083/final.contigs_plasmid.gff3
SRR11038083	contig_19	contig_19	1	6695	+	contig_19	contig_19	region	bakta	/root/autodl-tmp/abi-real-data/results/metagenomic_plasmid_srr11038083_codex_20260810_12vcpu_62gb/08_annotation/SRR11038083/final.contigs_plasmid.gff3
SRR11038083	contig_19	HJHHLH_0041	296	781		HJHHLH_0041	hypothetical protein	CDS	bakta	/root/autodl-tmp/abi-real-data/results/metagenomic_plasmid_srr11038083_codex_20260810_12vcpu_62gb/08_annotation/SRR11038083/final.contigs_plasmid.gff3
SRR11038083	contig_19	HJHHLHJKEC_428	724	807	?	HJHHLHJKEC_428	origin of transfer	oriT	bakta	/root/autodl-tmp/abi-real-data/results/metagenomic_plasmid_srr11038083_codex_20260810_12vcpu_62gb/08_annotation/SRR11038083/final.contigs_plasmid.gff3
SRR11038083	contig_19	HJHHLH_0042	810	1799		HJHHLH_0042	Replication protein	CDS	bakta	/root/autodl-tmp/abi-real-data/results/metagenomic_plasmid_srr11038083_codex_20260810_12vcpu_62gb/08_annotation/SRR11038083/final.contigs_plasmid.gff3
SRR11038083	contig_19	HJHHLHJKEC_424	1800	2792	?	HJHHLHJKEC_424	origin of replication	oriC	bakta	/root/autodl-tmp/abi-real-data/results/metagenomic_plasmid_srr11038083_codex_20260810_12vcpu_62gb/08_annotation/SRR11038083/final.contigs_plasmid.gff3
SRR11038083	contig_19	HJHHLH_0043	2209	2757		HJHHLH_0043	Prophage protein	CDS	bakta	/root/autodl-tmp/abi-real-data/results/metagenomic_plasmid_srr11038083_codex_20260810_12vcpu_62gb/08_annotation/SRR11038083/final.contigs_plasmid.gff3
SRR11038083	contig_19	HJHHLHJKEC_429	2388	2461	?	HJHHLHJKEC_429	origin of transfer	oriT	bakta	/root/autodl-tmp/abi-real-data/results/metagenomic_plasmid_srr11038083_codex_20260810_12vcpu_62gb/08_annotation/SRR11038083/final.contigs_plasmid.gff3
SRR11038083	contig_19	HJHHLHJKEC_430	2713	2792	?	HJHHLHJKEC_430	origin of transfer	oriT	bakta	/root/autodl-tmp/abi-real-data/results/metagenomic_plasmid_srr11038083_codex_20260810_12vcpu_62gb/08_annotation/SRR11038083/final.contigs_plasmid.gff3
SRR11038083	contig_19	HJHHLH_0044	2793	3782		HJHHLH_0044	Replication protein	CDS	bakta	/root/autodl-tmp/abi-real-data/results/metagenomic_plasmid_srr11038083_codex_20260810_12vcpu_62gb/08_annotation/SRR11038083/final.contigs_plasmid.gff3
SRR11038083	contig_19	HJHHLH_0045	4084	4179		HJHHLH_0045	hypothetical protein	CDS	bakta	/root/autodl-tmp/abi-real-data/results/metagenomic_plasmid_srr11038083_codex_20260810_12vcpu_62gb/08_annotation/SRR11038083/final.contigs_plasmid.gff3
SRR11038083	contig_19	HJHHLHJKEC_431	4488	4554	?	HJHHLHJKEC_431	origin of transfer	oriT	bakta	/root/autodl-tmp/abi-real-data/results/metagenomic_plasmid_srr11038083_codex_20260810_12vcpu_62gb/08_annotation/SRR11038083/final.contigs_plasmid.gff3
SRR11038083	contig_19	HJHHLH_0046	4556	5050	+	HJHHLH_0046	hypothetical protein	CDS	bakta	/root/autodl-tmp/abi-real-data/results/metagenomic_plasmid_srr11038083_codex_20260810_12vcpu_62gb/08_annotation/SRR11038083/final.contigs_plasmid.gff3
SRR11038083	contig_19	HJHHLH_0047	5194	6183		HJHHLH_0047	Protein rep	CDS	bakta	/root/autodl-tmp/abi-real-data/results/metagenomic_plasmid_srr11038083_codex_20260810_12vcpu_62gb/08_annotation/SRR11038083/final.contigs_plasmid.gff3
SRR11038083	contig_20	contig_20	1	3212	+	contig_20	contig_20	region	bakta	/root/autodl-tmp/abi-real-data/results/metagenomic_plasmid_srr11038083_codex_20260810_12vcpu_62gb/08_annotation/SRR11038083/final.contigs_plasmid.gff3
SRR11038083	contig_20	HJHHLH_0048	118	399		HJHHLH_0048	Type II toxin-antitoxin system RelB/DinJ family antitoxin	CDS	bakta	/root/autodl-tmp/abi-real-data/results/metagenomic_plasmid_srr11038083_codex_20260810_12vcpu_62gb/08_annotation/SRR11038083/final.contigs_plasmid.gff3
SRR11038083	contig_20	HJHHLH_0049	644	2173		HJHHLH_0049	Replication protein	CDS	bakta	/root/autodl-tmp/abi-real-data/results/metagenomic_plasmid_srr11038083_codex_20260810_12vcpu_62gb/08_annotation/SRR11038083/final.contigs_plasmid.gff3
SRR11038083	contig_20	HJHHLH_0050	2177	2356		HJHHLH_0050	hypothetical protein	CDS	bakta	/root/autodl-tmp/abi-real-data/results/metagenomic_plasmid_srr11038083_codex_20260810_12vcpu_62gb/08_annotation/SRR11038083/final.contigs_plasmid.gff3
SRR11038083	contig_20	HJHHLH_0051	2600	3211		HJHHLH_0051	Putative recombinase	CDS	bakta	/root/autodl-tmp/abi-real-data/results/metagenomic_plasmid_srr11038083_codex_20260810_12vcpu_62gb/08_annotation/SRR11038083/final.contigs_plasmid.gff3
SRR11038083	contig_21	contig_21	1	606	+	contig_21	contig_21	region	bakta	/root/autodl-tmp/abi-real-data/results/metagenomic_plasmid_srr11038083_codex_20260810_12vcpu_62gb/08_annotation/SRR11038083/final.contigs_plasmid.gff3
SRR11038083	contig_22	contig_22	1	3202	+	contig_22	contig_22	region	bakta	/root/autodl-tmp/abi-real-data/results/metagenomic_plasmid_srr11038083_codex_20260810_12vcpu_62gb/08_annotation/SRR11038083/final.contigs_plasmid.gff3
SRR11038083	contig_22	HJHHLH_0052	112	666	+	HJHHLH_0052	hypothetical protein	CDS	bakta	/root/autodl-tmp/abi-real-data/results/metagenomic_plasmid_srr11038083_codex_20260810_12vcpu_62gb/08_annotation/SRR11038083/final.contigs_plasmid.gff3
SRR11038083	contig_22	repM	1251	2246	+	repM	replication initiation protein RepM	CDS	bakta	/root/autodl-tmp/abi-real-data/results/metagenomic_plasmid_srr11038083_codex_20260810_12vcpu_62gb/08_annotation/SRR11038083/final.contigs_plasmid.gff3
SRR11038083	contig_23	contig_23	1	1173	+	contig_23	contig_23	region	bakta	/root/autodl-tmp/abi-real-data/results/metagenomic_plasmid_srr11038083_codex_20260810_12vcpu_62gb/08_annotation/SRR11038083/final.contigs_plasmid.gff3
SRR11038083	contig_24	contig_24	1	1673	+	contig_24	contig_24	region	bakta	/root/autodl-tmp/abi-real-data/results/metagenomic_plasmid_srr11038083_codex_20260810_12vcpu_62gb/08_annotation/SRR11038083/final.contigs_plasmid.gff3
SRR11038083	contig_24	HJHHLH_0054	5	478		HJHHLH_0054	HTH crp-type domain-containing protein	CDS	bakta	/root/autodl-tmp/abi-real-data/results/metagenomic_plasmid_srr11038083_codex_20260810_12vcpu_62gb/08_annotation/SRR11038083/final.contigs_plasmid.gff3
SRR11038083	contig_24	HJHHLH_0055	810	1040	+	HJHHLH_0055	hypothetical protein	CDS	bakta	/root/autodl-tmp/abi-real-data/results/metagenomic_plasmid_srr11038083_codex_20260810_12vcpu_62gb/08_annotation/SRR11038083/final.contigs_plasmid.gff3
SRR11038083	contig_24	HJHHLH_0056	1070	1282		HJHHLH_0056	hypothetical protein	CDS	bakta	/root/autodl-tmp/abi-real-data/results/metagenomic_plasmid_srr11038083_codex_20260810_12vcpu_62gb/08_annotation/SRR11038083/final.contigs_plasmid.gff3
SRR11038083	contig_25	contig_25	1	1709	+	contig_25	contig_25	region	bakta	/root/autodl-tmp/abi-real-data/results/metagenomic_plasmid_srr11038083_codex_20260810_12vcpu_62gb/08_annotation/SRR11038083/final.contigs_plasmid.gff3
SRR11038083	contig_25	HJHHLH_0057	5	478		HJHHLH_0057	HTH crp-type domain-containing protein	CDS	bakta	/root/autodl-tmp/abi-real-data/results/metagenomic_plasmid_srr11038083_codex_20260810_12vcpu_62gb/08_annotation/SRR11038083/final.contigs_plasmid.gff3
SRR11038083	contig_26	contig_26	1	447	+	contig_26	contig_26	region	bakta	/root/autodl-tmp/abi-real-data/results/metagenomic_plasmid_srr11038083_codex_20260810_12vcpu_62gb/08_annotation/SRR11038083/final.contigs_plasmid.gff3
SRR11038083	contig_27	contig_27	1	4304	+	contig_27	contig_27	region	bakta	/root/autodl-tmp/abi-real-data/results/metagenomic_plasmid_srr11038083_codex_20260810_12vcpu_62gb/08_annotation/SRR11038083/final.contigs_plasmid.gff3
SRR11038083	contig_27	HJHHLH_0058	31	357	+	HJHHLH_0058	hypothetical protein	CDS	bakta	/root/autodl-tmp/abi-real-data/results/metagenomic_plasmid_srr11038083_codex_20260810_12vcpu_62gb/08_annotation/SRR11038083/final.contigs_plasmid.gff3
SRR11038083	contig_27	HJHHLH_0059	672	2099	+	HJHHLH_0059	hypothetical protein	CDS	bakta	/root/autodl-tmp/abi-real-data/results/metagenomic_plasmid_srr11038083_codex_20260810_12vcpu_62gb/08_annotation/SRR11038083/final.contigs_plasmid.gff3
SRR11038083	contig_27	relE	2141	2467		relE	Addiction module toxin RelE	CDS	bakta	/root/autodl-tmp/abi-real-data/results/metagenomic_plasmid_srr11038083_codex_20260810_12vcpu_62gb/08_annotation/SRR11038083/final.contigs_plasmid.gff3
SRR11038083	contig_27	HJHHLH_0061	2467	2730		HJHHLH_0061	Prevent-host-death protein	CDS	bakta	/root/autodl-tmp/abi-real-data/results/metagenomic_plasmid_srr11038083_codex_20260810_12vcpu_62gb/08_annotation/SRR11038083/final.contigs_plasmid.gff3
SRR11038083	contig_27	HJHHLH_0062	3042	3386	+	HJHHLH_0062	hypothetical protein	CDS	bakta	/root/autodl-tmp/abi-real-data/results/metagenomic_plasmid_srr11038083_codex_20260810_12vcpu_62gb/08_annotation/SRR11038083/final.contigs_plasmid.gff3
SRR11038083	contig_27	HJHHLH_0063	4011	4229		HJHHLH_0063	hypothetical protein	CDS	bakta	/root/autodl-tmp/abi-real-data/results/metagenomic_plasmid_srr11038083_codex_20260810_12vcpu_62gb/08_annotation/SRR11038083/final.contigs_plasmid.gff3
SRR11038083	contig_28	contig_28	1	1112	+	contig_28	contig_28	region	bakta	/root/autodl-tmp/abi-real-data/results/metagenomic_plasmid_srr11038083_codex_20260810_12vcpu_62gb/08_annotation/SRR11038083/final.contigs_plasmid.gff3
SRR11038083	contig_28	HJHHLH_0064	739	1002	+	HJHHLH_0064	hypothetical protein	CDS	bakta	/root/autodl-tmp/abi-real-data/results/metagenomic_plasmid_srr11038083_codex_20260810_12vcpu_62gb/08_annotation/SRR11038083/final.contigs_plasmid.gff3
SRR11038083	contig_29	contig_29	1	472	+	contig_29	contig_29	region	bakta	/root/autodl-tmp/abi-real-data/results/metagenomic_plasmid_srr11038083_codex_20260810_12vcpu_62gb/08_annotation/SRR11038083/final.contigs_plasmid.gff3
SRR11038083	contig_30	contig_30	1	1189	+	contig_30	contig_30	region	bakta	/root/autodl-tmp/abi-real-data/results/metagenomic_plasmid_srr11038083_codex_20260810_12vcpu_62gb/08_annotation/SRR11038083/final.contigs_plasmid.gff3
SRR11038083	contig_30	HJHHLH_0065	86	955	+	HJHHLH_0065	hypothetical protein	CDS	bakta	/root/autodl-tmp/abi-real-data/results/metagenomic_plasmid_srr11038083_codex_20260810_12vcpu_62gb/08_annotation/SRR11038083/final.contigs_plasmid.gff3
SRR11038083	contig_31	contig_31	1	816	+	contig_31	contig_31	region	bakta	/root/autodl-tmp/abi-real-data/results/metagenomic_plasmid_srr11038083_codex_20260810_12vcpu_62gb/08_annotation/SRR11038083/final.contigs_plasmid.gff3
SRR11038083	contig_32	contig_32	1	792	+	contig_32	contig_32	region	bakta	/root/autodl-tmp/abi-real-data/results/metagenomic_plasmid_srr11038083_codex_20260810_12vcpu_62gb/08_annotation/SRR11038083/final.contigs_plasmid.gff3
SRR11038083	contig_33	contig_33	1	780	+	contig_33	contig_33	region	bakta	/root/autodl-tmp/abi-real-data/results/metagenomic_plasmid_srr11038083_codex_20260810_12vcpu_62gb/08_annotation/SRR11038083/final.contigs_plasmid.gff3
SRR11038083	contig_34	contig_34	1	595	+	contig_34	contig_34	region	bakta	/root/autodl-tmp/abi-real-data/results/metagenomic_plasmid_srr11038083_codex_20260810_12vcpu_62gb/08_annotation/SRR11038083/final.contigs_plasmid.gff3
SRR11038083	contig_34	HJHHLH_0066	111	518	+	HJHHLH_0066	hypothetical protein	CDS	bakta	/root/autodl-tmp/abi-real-data/results/metagenomic_plasmid_srr11038083_codex_20260810_12vcpu_62gb/08_annotation/SRR11038083/final.contigs_plasmid.gff3
SRR11038083	contig_35	contig_35	1	7072	+	contig_35	contig_35	region	bakta	/root/autodl-tmp/abi-real-data/results/metagenomic_plasmid_srr11038083_codex_20260810_12vcpu_62gb/08_annotation/SRR11038083/final.contigs_plasmid.gff3
SRR11038083	contig_35	HJHHLH_0067	528	677	+	HJHHLH_0067	hypothetical protein	CDS	bakta	/root/autodl-tmp/abi-real-data/results/metagenomic_plasmid_srr11038083_codex_20260810_12vcpu_62gb/08_annotation/SRR11038083/final.contigs_plasmid.gff3
SRR11038083	contig_35	HJHHLH_0068	691	1884		HJHHLH_0068	Plasmid recombination enzyme	CDS	bakta	/root/autodl-tmp/abi-real-data/results/metagenomic_plasmid_srr11038083_codex_20260810_12vcpu_62gb/08_annotation/SRR11038083/final.contigs_plasmid.gff3
SRR11038083	contig_35	HJHHLH_0069	2103	2510		HJHHLH_0069	DUF2442 domain-containing protein	CDS	bakta	/root/autodl-tmp/abi-real-data/results/metagenomic_plasmid_srr11038083_codex_20260810_12vcpu_62gb/08_annotation/SRR11038083/final.contigs_plasmid.gff3
SRR11038083	contig_35	HJHHLH_0070	2497	2745		HJHHLH_0070	DUF4160 domain-containing protein	CDS	bakta	/root/autodl-tmp/abi-real-data/results/metagenomic_plasmid_srr11038083_codex_20260810_12vcpu_62gb/08_annotation/SRR11038083/final.contigs_plasmid.gff3
SRR11038083	contig_35	HJHHLH_0071	2807	5959		HJHHLH_0071	site-specific DNA-methyltransferase (adenine-specific)	CDS	bakta	/root/autodl-tmp/abi-real-data/results/metagenomic_plasmid_srr11038083_codex_20260810_12vcpu_62gb/08_annotation/SRR11038083/final.contigs_plasmid.gff3
SRR11038083	contig_35	HJHHLH_0072	5985	6380		HJHHLH_0072	hypothetical protein	CDS	bakta	/root/autodl-tmp/abi-real-data/results/metagenomic_plasmid_srr11038083_codex_20260810_12vcpu_62gb/08_annotation/SRR11038083/final.contigs_plasmid.gff3
SRR11038083	contig_35	repL	6436	6996		repL	Plasmid replication protein RepL domain-containing protein	CDS	bakta	/root/autodl-tmp/abi-real-data/results/metagenomic_plasmid_srr11038083_codex_20260810_12vcpu_62gb/08_annotation/SRR11038083/final.contigs_plasmid.gff3
SRR11038083	contig_36	contig_36	1	3086	+	contig_36	contig_36	region	bakta	/root/autodl-tmp/abi-real-data/results/metagenomic_plasmid_srr11038083_codex_20260810_12vcpu_62gb/08_annotation/SRR11038083/final.contigs_plasmid.gff3
SRR11038083	contig_36	HJHHLH_0074	60	1037	+	HJHHLH_0074	Replication protein	CDS	bakta	/root/autodl-tmp/abi-real-data/results/metagenomic_plasmid_srr11038083_codex_20260810_12vcpu_62gb/08_annotation/SRR11038083/final.contigs_plasmid.gff3
SRR11038083	contig_36	HJHHLH_0075	1223	1411	+	HJHHLH_0075	hypothetical protein	CDS	bakta	/root/autodl-tmp/abi-real-data/results/metagenomic_plasmid_srr11038083_codex_20260810_12vcpu_62gb/08_annotation/SRR11038083/final.contigs_plasmid.gff3
SRR11038083	contig_36	HJHHLH_0076	1464	1778	+	HJHHLH_0076	hypothetical protein	CDS	bakta	/root/autodl-tmp/abi-real-data/results/metagenomic_plasmid_srr11038083_codex_20260810_12vcpu_62gb/08_annotation/SRR11038083/final.contigs_plasmid.gff3
SRR11038083	contig_36	HJHHLH_0077	2158	2427		HJHHLH_0077	Txe/YoeB family addiction module toxin	CDS	bakta	/root/autodl-tmp/abi-real-data/results/metagenomic_plasmid_srr11038083_codex_20260810_12vcpu_62gb/08_annotation/SRR11038083/final.contigs_plasmid.gff3
SRR11038083	contig_36	HJHHLH_0078	2415	2678		HJHHLH_0078	Prevent-host-death protein	CDS	bakta	/root/autodl-tmp/abi-real-data/results/metagenomic_plasmid_srr11038083_codex_20260810_12vcpu_62gb/08_annotation/SRR11038083/final.contigs_plasmid.gff3
SRR11038083	contig_37	contig_37	1	749	+	contig_37	contig_37	region	bakta	/root/autodl-tmp/abi-real-data/results/metagenomic_plasmid_srr11038083_codex_20260810_12vcpu_62gb/08_annotation/SRR11038083/final.contigs_plasmid.gff3
SRR11038083	contig_38	contig_38	1	2869	+	contig_38	contig_38	region	bakta	/root/autodl-tmp/abi-real-data/results/metagenomic_plasmid_srr11038083_codex_20260810_12vcpu_62gb/08_annotation/SRR11038083/final.contigs_plasmid.gff3
SRR11038083	contig_38	HJHHLH_0079	38	934	+	HJHHLH_0079	hypothetical protein	CDS	bakta	/root/autodl-tmp/abi-real-data/results/metagenomic_plasmid_srr11038083_codex_20260810_12vcpu_62gb/08_annotation/SRR11038083/final.contigs_plasmid.gff3
SRR11038083	contig_38	HJHHLH_0080	1246	1827	+	HJHHLH_0080	hypothetical protein	CDS	bakta	/root/autodl-tmp/abi-real-data/results/metagenomic_plasmid_srr11038083_codex_20260810_12vcpu_62gb/08_annotation/SRR11038083/final.contigs_plasmid.gff3
SRR11038083	contig_38	HJHHLH_0081	1827	2723	+	HJHHLH_0081	hypothetical protein	CDS	bakta	/root/autodl-tmp/abi-real-data/results/metagenomic_plasmid_srr11038083_codex_20260810_12vcpu_62gb/08_annotation/SRR11038083/final.contigs_plasmid.gff3
SRR11038083	contig_39	contig_39	1	1444	+	contig_39	contig_39	region	bakta	/root/autodl-tmp/abi-real-data/results/metagenomic_plasmid_srr11038083_codex_20260810_12vcpu_62gb/08_annotation/SRR11038083/final.contigs_plasmid.gff3
SRR11038083	contig_39	HJHHLHJKEC_432	114	214	?	HJHHLHJKEC_432	origin of transfer	oriT	bakta	/root/autodl-tmp/abi-real-data/results/metagenomic_plasmid_srr11038083_codex_20260810_12vcpu_62gb/08_annotation/SRR11038083/final.contigs_plasmid.gff3
SRR11038083	contig_39	HJHHLH_0082	588	1067	+	HJHHLH_0082	Helix-turn-helix domain-containing protein	CDS	bakta	/root/autodl-tmp/abi-real-data/results/metagenomic_plasmid_srr11038083_codex_20260810_12vcpu_62gb/08_annotation/SRR11038083/final.contigs_plasmid.gff3
SRR11038083	contig_40	contig_40	1	1462	+	contig_40	contig_40	region	bakta	/root/autodl-tmp/abi-real-data/results/metagenomic_plasmid_srr11038083_codex_20260810_12vcpu_62gb/08_annotation/SRR11038083/final.contigs_plasmid.gff3
SRR11038083	contig_40	HJHHLH_0083	157	705	+	HJHHLH_0083	hypothetical protein	CDS	bakta	/root/autodl-tmp/abi-real-data/results/metagenomic_plasmid_srr11038083_codex_20260810_12vcpu_62gb/08_annotation/SRR11038083/final.contigs_plasmid.gff3
SRR11038083	contig_40	HJHHLH_0084	698	943	+	HJHHLH_0084	Complexin-2	CDS	bakta	/root/autodl-tmp/abi-real-data/results/metagenomic_plasmid_srr11038083_codex_20260810_12vcpu_62gb/08_annotation/SRR11038083/final.contigs_plasmid.gff3
SRR11038083	contig_41	contig_41	1	2958	+	contig_41	contig_41	region	bakta	/root/autodl-tmp/abi-real-data/results/metagenomic_plasmid_srr11038083_codex_20260810_12vcpu_62gb/08_annotation/SRR11038083/final.contigs_plasmid.gff3
SRR11038083	contig_41	HJHHLH_0085	47	211	+	HJHHLH_0085	hypothetical protein	CDS	bakta	/root/autodl-tmp/abi-real-data/results/metagenomic_plasmid_srr11038083_codex_20260810_12vcpu_62gb/08_annotation/SRR11038083/final.contigs_plasmid.gff3
SRR11038083	contig_41	HJHHLH_0086	400	1365	+	HJHHLH_0086	Replication initiation factor domain-containing protein	CDS	bakta	/root/autodl-tmp/abi-real-data/results/metagenomic_plasmid_srr11038083_codex_20260810_12vcpu_62gb/08_annotation/SRR11038083/final.contigs_plasmid.gff3
SRR11038083	contig_41	HJHHLH_0087	1781	2659		HJHHLH_0087	hypothetical protein	CDS	bakta	/root/autodl-tmp/abi-real-data/results/metagenomic_plasmid_srr11038083_codex_20260810_12vcpu_62gb/08_annotation/SRR11038083/final.contigs_plasmid.gff3
SRR11038083	contig_42	contig_42	1	2570	+	contig_42	contig_42	region	bakta	/root/autodl-tmp/abi-real-data/results/metagenomic_plasmid_srr11038083_codex_20260810_12vcpu_62gb/08_annotation/SRR11038083/final.contigs_plasmid.gff3
SRR11038083	contig_42	HJHHLH_0088	44	493	+	HJHHLH_0088	hypothetical protein	CDS	bakta	/root/autodl-tmp/abi-real-data/results/metagenomic_plasmid_srr11038083_codex_20260810_12vcpu_62gb/08_annotation/SRR11038083/final.contigs_plasmid.gff3
SRR11038083	contig_42	HJHHLH_0089	831	1034		HJHHLH_0089	hypothetical protein	CDS	bakta	/root/autodl-tmp/abi-real-data/results/metagenomic_plasmid_srr11038083_codex_20260810_12vcpu_62gb/08_annotation/SRR11038083/final.contigs_plasmid.gff3
SRR11038083	contig_42	HJHHLH_0090	1530	1811		HJHHLH_0090	hypothetical protein	CDS	bakta	/root/autodl-tmp/abi-real-data/results/metagenomic_plasmid_srr11038083_codex_20260810_12vcpu_62gb/08_annotation/SRR11038083/final.contigs_plasmid.gff3
SRR11038083	contig_42	merR	1826	2074		merR	MerR HTH family regulatory protein	CDS	bakta	/root/autodl-tmp/abi-real-data/results/metagenomic_plasmid_srr11038083_codex_20260810_12vcpu_62gb/08_annotation/SRR11038083/final.contigs_plasmid.gff3
SRR11038083	contig_42	HJHHLH_0092	2071	2472		HJHHLH_0092	primase C-terminal domain-containing protein	CDS	bakta	/root/autodl-tmp/abi-real-data/results/metagenomic_plasmid_srr11038083_codex_20260810_12vcpu_62gb/08_annotation/SRR11038083/final.contigs_plasmid.gff3
SRR11038083	contig_43	contig_43	1	687	+	contig_43	contig_43	region	bakta	/root/autodl-tmp/abi-real-data/results/metagenomic_plasmid_srr11038083_codex_20260810_12vcpu_62gb/08_annotation/SRR11038083/final.contigs_plasmid.gff3
SRR11038083	contig_43	HJHHLH_0093	105	635		HJHHLH_0093	hypothetical protein	CDS	bakta	/root/autodl-tmp/abi-real-data/results/metagenomic_plasmid_srr11038083_codex_20260810_12vcpu_62gb/08_annotation/SRR11038083/final.contigs_plasmid.gff3
SRR11038083	contig_44	contig_44	1	618	+	contig_44	contig_44	region	bakta	/root/autodl-tmp/abi-real-data/results/metagenomic_plasmid_srr11038083_codex_20260810_12vcpu_62gb/08_annotation/SRR11038083/final.contigs_plasmid.gff3
SRR11038083	contig_44	HJHHLH_0094	28	309		HJHHLH_0094	plasmid mobilization protein	CDS	bakta	/root/autodl-tmp/abi-real-data/results/metagenomic_plasmid_srr11038083_codex_20260810_12vcpu_62gb/08_annotation/SRR11038083/final.contigs_plasmid.gff3
SRR11038083	contig_44	HJHHLH_0095	275	436		HJHHLH_0095	hypothetical protein	CDS	bakta	/root/autodl-tmp/abi-real-data/results/metagenomic_plasmid_srr11038083_codex_20260810_12vcpu_62gb/08_annotation/SRR11038083/final.contigs_plasmid.gff3
SRR11038083	contig_45	contig_45	1	374	+	contig_45	contig_45	region	bakta	/root/autodl-tmp/abi-real-data/results/metagenomic_plasmid_srr11038083_codex_20260810_12vcpu_62gb/08_annotation/SRR11038083/final.contigs_plasmid.gff3
SRR11038083	contig_46	contig_46	1	801	+	contig_46	contig_46	region	bakta	/root/autodl-tmp/abi-real-data/results/metagenomic_plasmid_srr11038083_codex_20260810_12vcpu_62gb/08_annotation/SRR11038083/final.contigs_plasmid.gff3
SRR11038083	contig_47	contig_47	1	841	+	contig_47	contig_47	region	bakta	/root/autodl-tmp/abi-real-data/results/metagenomic_plasmid_srr11038083_codex_20260810_12vcpu_62gb/08_annotation/SRR11038083/final.contigs_plasmid.gff3
SRR11038083	contig_47	HJHHLH_0096	42	608	+	HJHHLH_0096	hypothetical protein	CDS	bakta	/root/autodl-tmp/abi-real-data/results/metagenomic_plasmid_srr11038083_codex_20260810_12vcpu_62gb/08_annotation/SRR11038083/final.contigs_plasmid.gff3
SRR11038083	contig_48	contig_48	1	543	+	contig_48	contig_48	region	bakta	/root/autodl-tmp/abi-real-data/results/metagenomic_plasmid_srr11038083_codex_20260810_12vcpu_62gb/08_annotation/SRR11038083/final.contigs_plasmid.gff3
SRR11038083	contig_49	contig_49	1	1787	+	contig_49	contig_49	region	bakta	/root/autodl-tmp/abi-real-data/results/metagenomic_plasmid_srr11038083_codex_20260810_12vcpu_62gb/08_annotation/SRR11038083/final.contigs_plasmid.gff3
SRR11038083	contig_49	HJHHLH_0097	24	1250	+	HJHHLH_0097	Plasmid recombination enzyme	CDS	bakta	/root/autodl-tmp/abi-real-data/results/metagenomic_plasmid_srr11038083_codex_20260810_12vcpu_62gb/08_annotation/SRR11038083/final.contigs_plasmid.gff3
SRR11038083	contig_49	HJHHLH_0098	1075	1512		HJHHLH_0098	hypothetical protein	CDS	bakta	/root/autodl-tmp/abi-real-data/results/metagenomic_plasmid_srr11038083_codex_20260810_12vcpu_62gb/08_annotation/SRR11038083/final.contigs_plasmid.gff3
SRR11038083	contig_50	contig_50	1	607	+	contig_50	contig_50	region	bakta	/root/autodl-tmp/abi-real-data/results/metagenomic_plasmid_srr11038083_codex_20260810_12vcpu_62gb/08_annotation/SRR11038083/final.contigs_plasmid.gff3
SRR11038083	contig_50	mbpA	49	348		mbpA	mobilization protein MbpA	CDS	bakta	/root/autodl-tmp/abi-real-data/results/metagenomic_plasmid_srr11038083_codex_20260810_12vcpu_62gb/08_annotation/SRR11038083/final.contigs_plasmid.gff3
SRR11038083	contig_51	contig_51	1	11033	+	contig_51	contig_51	region	bakta	/root/autodl-tmp/abi-real-data/results/metagenomic_plasmid_srr11038083_codex_20260810_12vcpu_62gb/08_annotation/SRR11038083/final.contigs_plasmid.gff3
SRR11038083	contig_51	HJHHLH_0100	97	645	+	HJHHLH_0100	hypothetical protein	CDS	bakta	/root/autodl-tmp/abi-real-data/results/metagenomic_plasmid_srr11038083_codex_20260810_12vcpu_62gb/08_annotation/SRR11038083/final.contigs_plasmid.gff3
SRR11038083	contig_51	HJHHLH_0101	881	1150	+	HJHHLH_0101	type II toxin-antitoxin system RelB/DinJ family antitoxin	CDS	bakta	/root/autodl-tmp/abi-real-data/results/metagenomic_plasmid_srr11038083_codex_20260810_12vcpu_62gb/08_annotation/SRR11038083/final.contigs_plasmid.gff3
SRR11038083	contig_51	yafQ	1143	1421	+	yafQ	Type II toxin-antitoxin system YafQ family toxin	CDS	bakta	/root/autodl-tmp/abi-real-data/results/metagenomic_plasmid_srr11038083_codex_20260810_12vcpu_62gb/08_annotation/SRR11038083/final.contigs_plasmid.gff3
SRR11038083	contig_51	HJHHLH_0103	1440	1679	+	HJHHLH_0103	DUF5348 domain-containing protein	CDS	bakta	/root/autodl-tmp/abi-real-data/results/metagenomic_plasmid_srr11038083_codex_20260810_12vcpu_62gb/08_annotation/SRR11038083/final.contigs_plasmid.gff3
SRR11038083	contig_51	HJHHLH_0104	1684	2202	+	HJHHLH_0104	TetR/AcrR family transcriptional regulator	CDS	bakta	/root/autodl-tmp/abi-real-data/results/metagenomic_plasmid_srr11038083_codex_20260810_12vcpu_62gb/08_annotation/SRR11038083/final.contigs_plasmid.gff3
SRR11038083	contig_51	HJHHLH_0105	2257	3225	+	HJHHLH_0105	hypothetical protein	CDS	bakta	/root/autodl-tmp/abi-real-data/results/metagenomic_plasmid_srr11038083_codex_20260810_12vcpu_62gb/08_annotation/SRR11038083/final.contigs_plasmid.gff3
SRR11038083	contig_51	HJHHLH_0106	3469	4695	+	HJHHLH_0106	Plasmid recombination enzyme	CDS	bakta	/root/autodl-tmp/abi-real-data/results/metagenomic_plasmid_srr11038083_codex_20260810_12vcpu_62gb/08_annotation/SRR11038083/final.contigs_plasmid.gff3
SRR11038083	contig_51	HJHHLH_0107	4888	5055	+	HJHHLH_0107	hypothetical protein	CDS	bakta	/root/autodl-tmp/abi-real-data/results/metagenomic_plasmid_srr11038083_codex_20260810_12vcpu_62gb/08_annotation/SRR11038083/final.contigs_plasmid.gff3
SRR11038083	contig_51	HJHHLH_0108	5071	6588	+	HJHHLH_0108	Replication protein	CDS	bakta	/root/autodl-tmp/abi-real-data/results/metagenomic_plasmid_srr11038083_codex_20260810_12vcpu_62gb/08_annotation/SRR11038083/final.contigs_plasmid.gff3
SRR11038083	contig_51	HJHHLH_0109	6837	7118	+	HJHHLH_0109	Type II toxin-antitoxin system RelB/DinJ family antitoxin	CDS	bakta	/root/autodl-tmp/abi-real-data/results/metagenomic_plasmid_srr11038083_codex_20260810_12vcpu_62gb/08_annotation/SRR11038083/final.contigs_plasmid.gff3
SRR11038083	contig_51	yafQ	7111	7383	+	yafQ	mRNA interferase YafQ	CDS	bakta	/root/autodl-tmp/abi-real-data/results/metagenomic_plasmid_srr11038083_codex_20260810_12vcpu_62gb/08_annotation/SRR11038083/final.contigs_plasmid.gff3
SRR11038083	contig_51	HJHHLH_0111	7402	7650	+	HJHHLH_0111	DUF5060 domain-containing protein	CDS	bakta	/root/autodl-tmp/abi-real-data/results/metagenomic_plasmid_srr11038083_codex_20260810_12vcpu_62gb/08_annotation/SRR11038083/final.contigs_plasmid.gff3
SRR11038083	contig_51	HJHHLH_0112	7647	8138	+	HJHHLH_0112	DUF536 domain-containing protein	CDS	bakta	/root/autodl-tmp/abi-real-data/results/metagenomic_plasmid_srr11038083_codex_20260810_12vcpu_62gb/08_annotation/SRR11038083/final.contigs_plasmid.gff3
SRR11038083	contig_51	HJHHLH_0113	8176	9450	+	HJHHLH_0113	GNAT family N-acetyltransferase	CDS	bakta	/root/autodl-tmp/abi-real-data/results/metagenomic_plasmid_srr11038083_codex_20260810_12vcpu_62gb/08_annotation/SRR11038083/final.contigs_plasmid.gff3
SRR11038083	contig_51	sdpI	9486	9845	+	sdpI	SdpI family protein	CDS	bakta	/root/autodl-tmp/abi-real-data/results/metagenomic_plasmid_srr11038083_codex_20260810_12vcpu_62gb/08_annotation/SRR11038083/final.contigs_plasmid.gff3
SRR11038083	contig_52	contig_52	1	357	+	contig_52	contig_52	region	bakta	/root/autodl-tmp/abi-real-data/results/metagenomic_plasmid_srr11038083_codex_20260810_12vcpu_62gb/08_annotation/SRR11038083/final.contigs_plasmid.gff3
SRR11038083	contig_53	contig_53	1	3454	+	contig_53	contig_53	region	bakta	/root/autodl-tmp/abi-real-data/results/metagenomic_plasmid_srr11038083_codex_20260810_12vcpu_62gb/08_annotation/SRR11038083/final.contigs_plasmid.gff3
SRR11038083	contig_53	HJHHLH_0115	75	308		HJHHLH_0115	hypothetical protein	CDS	bakta	/root/autodl-tmp/abi-real-data/results/metagenomic_plasmid_srr11038083_codex_20260810_12vcpu_62gb/08_annotation/SRR11038083/final.contigs_plasmid.gff3
SRR11038083	contig_53	HJHHLH_0116	301	669		HJHHLH_0116	hypothetical protein	CDS	bakta	/root/autodl-tmp/abi-real-data/results/metagenomic_plasmid_srr11038083_codex_20260810_12vcpu_62gb/08_annotation/SRR11038083/final.contigs_plasmid.gff3
SRR11038083	contig_53	HJHHLH_0117	867	1979	+	HJHHLH_0117	hypothetical protein	CDS	bakta	/root/autodl-tmp/abi-real-data/results/metagenomic_plasmid_srr11038083_codex_20260810_12vcpu_62gb/08_annotation/SRR11038083/final.contigs_plasmid.gff3
SRR11038083	contig_53	HJHHLH_0118	2039	2287		HJHHLH_0118	hypothetical protein	CDS	bakta	/root/autodl-tmp/abi-real-data/results/metagenomic_plasmid_srr11038083_codex_20260810_12vcpu_62gb/08_annotation/SRR11038083/final.contigs_plasmid.gff3
SRR11038083	contig_53	HJHHLH_0119	2361	3302	+	HJHHLH_0119	Uncultured bacterium plasmid pRGI00557	CDS	bakta	/root/autodl-tmp/abi-real-data/results/metagenomic_plasmid_srr11038083_codex_20260810_12vcpu_62gb/08_annotation/SRR11038083/final.contigs_plasmid.gff3
SRR11038083	contig_54	contig_54	1	973	+	contig_54	contig_54	region	bakta	/root/autodl-tmp/abi-real-data/results/metagenomic_plasmid_srr11038083_codex_20260810_12vcpu_62gb/08_annotation/SRR11038083/final.contigs_plasmid.gff3
SRR11038083	contig_54	marR	313	753	+	marR	MarR family transcriptional regulator	CDS	bakta	/root/autodl-tmp/abi-real-data/results/metagenomic_plasmid_srr11038083_codex_20260810_12vcpu_62gb/08_annotation/SRR11038083/final.contigs_plasmid.gff3
SRR11038083	contig_55	contig_55	1	11660	+	contig_55	contig_55	region	bakta	/root/autodl-tmp/abi-real-data/results/metagenomic_plasmid_srr11038083_codex_20260810_12vcpu_62gb/08_annotation/SRR11038083/final.contigs_plasmid.gff3
SRR11038083	contig_55	HJHHLH_0121	296	736	+	HJHHLH_0121	helix-turn-helix domain-containing protein	CDS	bakta	/root/autodl-tmp/abi-real-data/results/metagenomic_plasmid_srr11038083_codex_20260810_12vcpu_62gb/08_annotation/SRR11038083/final.contigs_plasmid.gff3
SRR11038083	contig_55	HJHHLH_0122	760	1164	+	HJHHLH_0122	hypothetical protein	CDS	bakta	/root/autodl-tmp/abi-real-data/results/metagenomic_plasmid_srr11038083_codex_20260810_12vcpu_62gb/08_annotation/SRR11038083/final.contigs_plasmid.gff3
SRR11038083	contig_55	HJHHLH_0123	1222	1941	+	HJHHLH_0123	hypothetical protein	CDS	bakta	/root/autodl-tmp/abi-real-data/results/metagenomic_plasmid_srr11038083_codex_20260810_12vcpu_62gb/08_annotation/SRR11038083/final.contigs_plasmid.gff3
SRR11038083	contig_55	HJHHLH_0124	2066	2431	+	HJHHLH_0124	hypothetical protein	CDS	bakta	/root/autodl-tmp/abi-real-data/results/metagenomic_plasmid_srr11038083_codex_20260810_12vcpu_62gb/08_annotation/SRR11038083/final.contigs_plasmid.gff3
SRR11038083	contig_55	Pistol	2655	2729	+	Pistol	Pistol ribozyme	ncRNA	bakta	/root/autodl-tmp/abi-real-data/results/metagenomic_plasmid_srr11038083_codex_20260810_12vcpu_62gb/08_annotation/SRR11038083/final.contigs_plasmid.gff3
SRR11038083	contig_55	HJHHLH_0126	3214	4236	+	HJHHLH_0126	Tyr recombinase domain-containing protein	CDS	bakta	/root/autodl-tmp/abi-real-data/results/metagenomic_plasmid_srr11038083_codex_20260810_12vcpu_62gb/08_annotation/SRR11038083/final.contigs_plasmid.gff3
SRR11038083	contig_55	HJHHLH_0127	4251	5021	+	HJHHLH_0127	DUF3164 domain-containing protein	CDS	bakta	/root/autodl-tmp/abi-real-data/results/metagenomic_plasmid_srr11038083_codex_20260810_12vcpu_62gb/08_annotation/SRR11038083/final.contigs_plasmid.gff3
SRR11038083	contig_55	HJHHLH_0128	5172	5306	+	HJHHLH_0128	hypothetical protein	CDS	bakta	/root/autodl-tmp/abi-real-data/results/metagenomic_plasmid_srr11038083_codex_20260810_12vcpu_62gb/08_annotation/SRR11038083/final.contigs_plasmid.gff3
SRR11038083	contig_55	HJHHLH_0129	5438	6952	+	HJHHLH_0129	Replication protein	CDS	bakta	/root/autodl-tmp/abi-real-data/results/metagenomic_plasmid_srr11038083_codex_20260810_12vcpu_62gb/08_annotation/SRR11038083/final.contigs_plasmid.gff3
SRR11038083	contig_55	HJHHLH_0130	7163	7441	+	HJHHLH_0130	Antitoxin	CDS	bakta	/root/autodl-tmp/abi-real-data/results/metagenomic_plasmid_srr11038083_codex_20260810_12vcpu_62gb/08_annotation/SRR11038083/final.contigs_plasmid.gff3
SRR11038083	contig_55	HJHHLH_0131	7473	7745	+	HJHHLH_0131	Type II toxin-antitoxin system RelE/ParE family toxin	CDS	bakta	/root/autodl-tmp/abi-real-data/results/metagenomic_plasmid_srr11038083_codex_20260810_12vcpu_62gb/08_annotation/SRR11038083/final.contigs_plasmid.gff3
SRR11038083	contig_55	HJHHLH_0132	7751	7981	+	HJHHLH_0132	Type II toxin-antitoxin system RelB/DinJ family antitoxin	CDS	bakta	/root/autodl-tmp/abi-real-data/results/metagenomic_plasmid_srr11038083_codex_20260810_12vcpu_62gb/08_annotation/SRR11038083/final.contigs_plasmid.gff3
SRR11038083	contig_55	HJHHLH_0133	7978	8478	+	HJHHLH_0133	DUF536 domain-containing protein	CDS	bakta	/root/autodl-tmp/abi-real-data/results/metagenomic_plasmid_srr11038083_codex_20260810_12vcpu_62gb/08_annotation/SRR11038083/final.contigs_plasmid.gff3
SRR11038083	contig_55	traX	8475	9302	+	traX	Conjugal transfer protein TraX	CDS	bakta	/root/autodl-tmp/abi-real-data/results/metagenomic_plasmid_srr11038083_codex_20260810_12vcpu_62gb/08_annotation/SRR11038083/final.contigs_plasmid.gff3
SRR11038083	contig_55	HJHHLH_0135	9355	9768		HJHHLH_0135	hypothetical protein	CDS	bakta	/root/autodl-tmp/abi-real-data/results/metagenomic_plasmid_srr11038083_codex_20260810_12vcpu_62gb/08_annotation/SRR11038083/final.contigs_plasmid.gff3
SRR11038083	contig_55	HJHHLH_0136	10127	11395	+	HJHHLH_0136	Plasmid recombination protein	CDS	bakta	/root/autodl-tmp/abi-real-data/results/metagenomic_plasmid_srr11038083_codex_20260810_12vcpu_62gb/08_annotation/SRR11038083/final.contigs_plasmid.gff3
SRR11038083	contig_55	HJHHLH_0137	11392	11649	+	HJHHLH_0137	hypothetical protein	CDS	bakta	/root/autodl-tmp/abi-real-data/results/metagenomic_plasmid_srr11038083_codex_20260810_12vcpu_62gb/08_annotation/SRR11038083/final.contigs_plasmid.gff3
SRR11038083	contig_56	contig_56	1	2848	+	contig_56	contig_56	region	bakta	/root/autodl-tmp/abi-real-data/results/metagenomic_plasmid_srr11038083_codex_20260810_12vcpu_62gb/08_annotation/SRR11038083/final.contigs_plasmid.gff3
SRR11038083	contig_56	HJHHLH_0138	205	435		HJHHLH_0138	Charged multivesicular body protein 2b-B	CDS	bakta	/root/autodl-tmp/abi-real-data/results/metagenomic_plasmid_srr11038083_codex_20260810_12vcpu_62gb/08_annotation/SRR11038083/final.contigs_plasmid.gff3
SRR11038083	contig_56	mbpC	454	906		mbpC	mobilization protein MbpC	CDS	bakta	/root/autodl-tmp/abi-real-data/results/metagenomic_plasmid_srr11038083_codex_20260810_12vcpu_62gb/08_annotation/SRR11038083/final.contigs_plasmid.gff3
SRR11038083	contig_56	mbpB	863	1657		mbpB	mobilization protein MbpB	CDS	bakta	/root/autodl-tmp/abi-real-data/results/metagenomic_plasmid_srr11038083_codex_20260810_12vcpu_62gb/08_annotation/SRR11038083/final.contigs_plasmid.gff3
SRR11038083	contig_56	mbpA	1654	1953		mbpA	mobilization protein MbpA	CDS	bakta	/root/autodl-tmp/abi-real-data/results/metagenomic_plasmid_srr11038083_codex_20260810_12vcpu_62gb/08_annotation/SRR11038083/final.contigs_plasmid.gff3
SRR11038083	contig_56	HJHHLH_0142	2147	2344		HJHHLH_0142	DUF2750 domain-containing protein	CDS	bakta	/root/autodl-tmp/abi-real-data/results/metagenomic_plasmid_srr11038083_codex_20260810_12vcpu_62gb/08_annotation/SRR11038083/final.contigs_plasmid.gff3
SRR11038083	contig_56	HJHHLH_0143	2355	2630		HJHHLH_0143	Type II toxin-antitoxin system mRNA interferase toxin%2C RelE/StbE family	CDS	bakta	/root/autodl-tmp/abi-real-data/results/metagenomic_plasmid_srr11038083_codex_20260810_12vcpu_62gb/08_annotation/SRR11038083/final.contigs_plasmid.gff3
SRR11038083	contig_57	contig_57	1	1584	+	contig_57	contig_57	region	bakta	/root/autodl-tmp/abi-real-data/results/metagenomic_plasmid_srr11038083_codex_20260810_12vcpu_62gb/08_annotation/SRR11038083/final.contigs_plasmid.gff3
SRR11038083	contig_57	HJHHLH_0144	28	348	+	HJHHLH_0144	Uncultured bacterium plasmid pRGI00557	CDS	bakta	/root/autodl-tmp/abi-real-data/results/metagenomic_plasmid_srr11038083_codex_20260810_12vcpu_62gb/08_annotation/SRR11038083/final.contigs_plasmid.gff3
SRR11038083	contig_57	HJHHLH_0145	345	578	+	HJHHLH_0145	Uncultured bacterium plasmid pRGI00557	CDS	bakta	/root/autodl-tmp/abi-real-data/results/metagenomic_plasmid_srr11038083_codex_20260810_12vcpu_62gb/08_annotation/SRR11038083/final.contigs_plasmid.gff3
SRR11038083	contig_57	HJHHLH_0146	655	1482		HJHHLH_0146	Uncultured bacterium plasmid pRGI00557	CDS	bakta	/root/autodl-tmp/abi-real-data/results/metagenomic_plasmid_srr11038083_codex_20260810_12vcpu_62gb/08_annotation/SRR11038083/final.contigs_plasmid.gff3
SRR11038083	contig_58	contig_58	1	941	+	contig_58	contig_58	region	bakta	/root/autodl-tmp/abi-real-data/results/metagenomic_plasmid_srr11038083_codex_20260810_12vcpu_62gb/08_annotation/SRR11038083/final.contigs_plasmid.gff3
SRR11038083	contig_58	HJHHLH_0147	267	911		HJHHLH_0147	Uncultured bacterium plasmid pRGI00557	CDS	bakta	/root/autodl-tmp/abi-real-data/results/metagenomic_plasmid_srr11038083_codex_20260810_12vcpu_62gb/08_annotation/SRR11038083/final.contigs_plasmid.gff3
SRR11038083	contig_59	contig_59	1	1992	+	contig_59	contig_59	region	bakta	/root/autodl-tmp/abi-real-data/results/metagenomic_plasmid_srr11038083_codex_20260810_12vcpu_62gb/08_annotation/SRR11038083/final.contigs_plasmid.gff3
SRR11038083	contig_59	HJHHLH_0148	24	560	+	HJHHLH_0148	hypothetical protein	CDS	bakta	/root/autodl-tmp/abi-real-data/results/metagenomic_plasmid_srr11038083_codex_20260810_12vcpu_62gb/08_annotation/SRR11038083/final.contigs_plasmid.gff3
SRR11038083	contig_59	repB	907	1506	+	repB	Replication protein RepB	CDS	bakta	/root/autodl-tmp/abi-real-data/results/metagenomic_plasmid_srr11038083_codex_20260810_12vcpu_62gb/08_annotation/SRR11038083/final.contigs_plasmid.gff3
SRR11038083	contig_59	HJHHLH_0150	1503	1664	+	HJHHLH_0150	hypothetical protein	CDS	bakta	/root/autodl-tmp/abi-real-data/results/metagenomic_plasmid_srr11038083_codex_20260810_12vcpu_62gb/08_annotation/SRR11038083/final.contigs_plasmid.gff3
SRR11038083	contig_60	contig_60	1	2999	+	contig_60	contig_60	region	bakta	/root/autodl-tmp/abi-real-data/results/metagenomic_plasmid_srr11038083_codex_20260810_12vcpu_62gb/08_annotation/SRR11038083/final.contigs_plasmid.gff3
SRR11038083	contig_60	HJHHLH_0151	243	1184		HJHHLH_0151	hypothetical protein	CDS	bakta	/root/autodl-tmp/abi-real-data/results/metagenomic_plasmid_srr11038083_codex_20260810_12vcpu_62gb/08_annotation/SRR11038083/final.contigs_plasmid.gff3
SRR11038083	contig_60	HJHHLH_0152	1376	1717	+	HJHHLH_0152	hypothetical protein	CDS	bakta	/root/autodl-tmp/abi-real-data/results/metagenomic_plasmid_srr11038083_codex_20260810_12vcpu_62gb/08_annotation/SRR11038083/final.contigs_plasmid.gff3
SRR11038083	contig_60	HJHHLH_0153	1786	2055	+	HJHHLH_0153	hypothetical protein	CDS	bakta	/root/autodl-tmp/abi-real-data/results/metagenomic_plasmid_srr11038083_codex_20260810_12vcpu_62gb/08_annotation/SRR11038083/final.contigs_plasmid.gff3
SRR11038083	contig_60	HJHHLH_0154	2132	2797		HJHHLH_0154	hypothetical protein	CDS	bakta	/root/autodl-tmp/abi-real-data/results/metagenomic_plasmid_srr11038083_codex_20260810_12vcpu_62gb/08_annotation/SRR11038083/final.contigs_plasmid.gff3
SRR11038083	contig_61	contig_61	1	1459	+	contig_61	contig_61	region	bakta	/root/autodl-tmp/abi-real-data/results/metagenomic_plasmid_srr11038083_codex_20260810_12vcpu_62gb/08_annotation/SRR11038083/final.contigs_plasmid.gff3
SRR11038083	contig_61	HJHHLH_0155	260	1351	+	HJHHLH_0155	hypothetical protein	CDS	bakta	/root/autodl-tmp/abi-real-data/results/metagenomic_plasmid_srr11038083_codex_20260810_12vcpu_62gb/08_annotation/SRR11038083/final.contigs_plasmid.gff3
SRR11038083	contig_62	contig_62	1	481	+	contig_62	contig_62	region	bakta	/root/autodl-tmp/abi-real-data/results/metagenomic_plasmid_srr11038083_codex_20260810_12vcpu_62gb/08_annotation/SRR11038083/final.contigs_plasmid.gff3
SRR11038083	contig_63	contig_63	1	2262	+	contig_63	contig_63	region	bakta	/root/autodl-tmp/abi-real-data/results/metagenomic_plasmid_srr11038083_codex_20260810_12vcpu_62gb/08_annotation/SRR11038083/final.contigs_plasmid.gff3
SRR11038083	contig_63	HJHHLH_0156	599	1831	+	HJHHLH_0156	hypothetical protein	CDS	bakta	/root/autodl-tmp/abi-real-data/results/metagenomic_plasmid_srr11038083_codex_20260810_12vcpu_62gb/08_annotation/SRR11038083/final.contigs_plasmid.gff3
SRR11038083	contig_64	contig_64	1	5734	+	contig_64	contig_64	region	bakta	/root/autodl-tmp/abi-real-data/results/metagenomic_plasmid_srr11038083_codex_20260810_12vcpu_62gb/08_annotation/SRR11038083/final.contigs_plasmid.gff3
SRR11038083	contig_64	HJHHLH_0157	521	1768		HJHHLH_0157	Plasmid recombination enzyme	CDS	bakta	/root/autodl-tmp/abi-real-data/results/metagenomic_plasmid_srr11038083_codex_20260810_12vcpu_62gb/08_annotation/SRR11038083/final.contigs_plasmid.gff3
SRR11038083	contig_64	HJHHLH_0158	2220	3047	+	HJHHLH_0158	Bacterial toxin 44 domain-containing protein	CDS	bakta	/root/autodl-tmp/abi-real-data/results/metagenomic_plasmid_srr11038083_codex_20260810_12vcpu_62gb/08_annotation/SRR11038083/final.contigs_plasmid.gff3
SRR11038083	contig_64	HJHHLH_0159	3095	3319		HJHHLH_0159	DUF3955 domain-containing protein	CDS	bakta	/root/autodl-tmp/abi-real-data/results/metagenomic_plasmid_srr11038083_codex_20260810_12vcpu_62gb/08_annotation/SRR11038083/final.contigs_plasmid.gff3
SRR11038083	contig_64	HJHHLH_0160	3370	3858		HJHHLH_0160	HTH merR-type domain-containing protein	CDS	bakta	/root/autodl-tmp/abi-real-data/results/metagenomic_plasmid_srr11038083_codex_20260810_12vcpu_62gb/08_annotation/SRR11038083/final.contigs_plasmid.gff3
SRR11038083	contig_64	HJHHLH_0161	3892	4170		HJHHLH_0161	Type II toxin-antitoxin system mRNA interferase toxin%2C RelE/StbE family	CDS	bakta	/root/autodl-tmp/abi-real-data/results/metagenomic_plasmid_srr11038083_codex_20260810_12vcpu_62gb/08_annotation/SRR11038083/final.contigs_plasmid.gff3
SRR11038083	contig_64	HJHHLH_0162	4163	4429		HJHHLH_0162	Type II toxin-antitoxin system antitoxin%2C RelB/DinJ family	CDS	bakta	/root/autodl-tmp/abi-real-data/results/metagenomic_plasmid_srr11038083_codex_20260810_12vcpu_62gb/08_annotation/SRR11038083/final.contigs_plasmid.gff3
SRR11038083	contig_64	HJHHLH_0163	4687	5301		HJHHLH_0163	hypothetical protein	CDS	bakta	/root/autodl-tmp/abi-real-data/results/metagenomic_plasmid_srr11038083_codex_20260810_12vcpu_62gb/08_annotation/SRR11038083/final.contigs_plasmid.gff3
SRR11038083	contig_65	contig_65	1	8353	+	contig_65	contig_65	region	bakta	/root/autodl-tmp/abi-real-data/results/metagenomic_plasmid_srr11038083_codex_20260810_12vcpu_62gb/08_annotation/SRR11038083/final.contigs_plasmid.gff3
SRR11038083	contig_65	HJHHLH_0164	627	866	+	HJHHLH_0164	hypothetical protein	CDS	bakta	/root/autodl-tmp/abi-real-data/results/metagenomic_plasmid_srr11038083_codex_20260810_12vcpu_62gb/08_annotation/SRR11038083/final.contigs_plasmid.gff3
SRR11038083	contig_65	HJHHLH_0165	893	1192		HJHHLH_0165	DUF6894 domain-containing protein	CDS	bakta	/root/autodl-tmp/abi-real-data/results/metagenomic_plasmid_srr11038083_codex_20260810_12vcpu_62gb/08_annotation/SRR11038083/final.contigs_plasmid.gff3
SRR11038083	contig_65	HJHHLH_0166	1336	1881		HJHHLH_0166	hypothetical protein	CDS	bakta	/root/autodl-tmp/abi-real-data/results/metagenomic_plasmid_srr11038083_codex_20260810_12vcpu_62gb/08_annotation/SRR11038083/final.contigs_plasmid.gff3
SRR11038083	contig_65	HJHHLH_0167	2289	2720	+	HJHHLH_0167	hypothetical protein	CDS	bakta	/root/autodl-tmp/abi-real-data/results/metagenomic_plasmid_srr11038083_codex_20260810_12vcpu_62gb/08_annotation/SRR11038083/final.contigs_plasmid.gff3
SRR11038083	contig_65	HJHHLH_0168	2777	2980	+	HJHHLH_0168	hypothetical protein	CDS	bakta	/root/autodl-tmp/abi-real-data/results/metagenomic_plasmid_srr11038083_codex_20260810_12vcpu_62gb/08_annotation/SRR11038083/final.contigs_plasmid.gff3
SRR11038083	contig_65	HJHHLH_0169	2997	3176		HJHHLH_0169	hypothetical protein	CDS	bakta	/root/autodl-tmp/abi-real-data/results/metagenomic_plasmid_srr11038083_codex_20260810_12vcpu_62gb/08_annotation/SRR11038083/final.contigs_plasmid.gff3
SRR11038083	contig_65	mobQ	3629	4828		mobQ	MobQ family relaxase	CDS	bakta	/root/autodl-tmp/abi-real-data/results/metagenomic_plasmid_srr11038083_codex_20260810_12vcpu_62gb/08_annotation/SRR11038083/final.contigs_plasmid.gff3
SRR11038083	contig_65	HJHHLH_0171	4851	5102	+	HJHHLH_0171	Mobilization protein	CDS	bakta	/root/autodl-tmp/abi-real-data/results/metagenomic_plasmid_srr11038083_codex_20260810_12vcpu_62gb/08_annotation/SRR11038083/final.contigs_plasmid.gff3
SRR11038083	contig_65	HJHHLH_0172	5099	5662	+	HJHHLH_0172	Mobilization protein	CDS	bakta	/root/autodl-tmp/abi-real-data/results/metagenomic_plasmid_srr11038083_codex_20260810_12vcpu_62gb/08_annotation/SRR11038083/final.contigs_plasmid.gff3
SRR11038083	contig_65	HJHHLH_0173	5669	6004		HJHHLH_0173	Helix-turn-helix domain-containing protein	CDS	bakta	/root/autodl-tmp/abi-real-data/results/metagenomic_plasmid_srr11038083_codex_20260810_12vcpu_62gb/08_annotation/SRR11038083/final.contigs_plasmid.gff3
SRR11038083	contig_65	relE	6001	6366		relE	Addiction module toxin RelE	CDS	bakta	/root/autodl-tmp/abi-real-data/results/metagenomic_plasmid_srr11038083_codex_20260810_12vcpu_62gb/08_annotation/SRR11038083/final.contigs_plasmid.gff3
SRR11038083	contig_65	HJHHLH_0175	6614	6796	+	HJHHLH_0175	hypothetical protein	CDS	bakta	/root/autodl-tmp/abi-real-data/results/metagenomic_plasmid_srr11038083_codex_20260810_12vcpu_62gb/08_annotation/SRR11038083/final.contigs_plasmid.gff3
SRR11038083	contig_65	HJHHLH_0176	6798	7376	+	HJHHLH_0176	Helix-turn-helix domain-containing protein	CDS	bakta	/root/autodl-tmp/abi-real-data/results/metagenomic_plasmid_srr11038083_codex_20260810_12vcpu_62gb/08_annotation/SRR11038083/final.contigs_plasmid.gff3
SRR11038083	contig_65	HJHHLH_0177	7373	7558	+	HJHHLH_0177	hypothetical protein	CDS	bakta	/root/autodl-tmp/abi-real-data/results/metagenomic_plasmid_srr11038083_codex_20260810_12vcpu_62gb/08_annotation/SRR11038083/final.contigs_plasmid.gff3
SRR11038083	contig_66	contig_66	1	379	+	contig_66	contig_66	region	bakta	/root/autodl-tmp/abi-real-data/results/metagenomic_plasmid_srr11038083_codex_20260810_12vcpu_62gb/08_annotation/SRR11038083/final.contigs_plasmid.gff3
SRR11038083	contig_67	contig_67	1	2864	+	contig_67	contig_67	region	bakta	/root/autodl-tmp/abi-real-data/results/metagenomic_plasmid_srr11038083_codex_20260810_12vcpu_62gb/08_annotation/SRR11038083/final.contigs_plasmid.gff3
SRR11038083	contig_67	repL	42	608	+	repL	Plasmid replication protein RepL domain-containing protein	CDS	bakta	/root/autodl-tmp/abi-real-data/results/metagenomic_plasmid_srr11038083_codex_20260810_12vcpu_62gb/08_annotation/SRR11038083/final.contigs_plasmid.gff3
SRR11038083	contig_67	HJHHLH_0179	1523	2272	+	HJHHLH_0179	hypothetical protein	CDS	bakta	/root/autodl-tmp/abi-real-data/results/metagenomic_plasmid_srr11038083_codex_20260810_12vcpu_62gb/08_annotation/SRR11038083/final.contigs_plasmid.gff3
SRR11038083	contig_68	contig_68	1	1341	+	contig_68	contig_68	region	bakta	/root/autodl-tmp/abi-real-data/results/metagenomic_plasmid_srr11038083_codex_20260810_12vcpu_62gb/08_annotation/SRR11038083/final.contigs_plasmid.gff3
SRR11038083	contig_68	HJHHLH_0180	9	389	+	HJHHLH_0180	Initiator Replication family protein	CDS	bakta	/root/autodl-tmp/abi-real-data/results/metagenomic_plasmid_srr11038083_codex_20260810_12vcpu_62gb/08_annotation/SRR11038083/final.contigs_plasmid.gff3
SRR11038083	contig_68	HJHHLH_0181	402	830	+	HJHHLH_0181	hypothetical protein	CDS	bakta	/root/autodl-tmp/abi-real-data/results/metagenomic_plasmid_srr11038083_codex_20260810_12vcpu_62gb/08_annotation/SRR11038083/final.contigs_plasmid.gff3
SRR11038083	contig_69	contig_69	1	934	+	contig_69	contig_69	region	bakta	/root/autodl-tmp/abi-real-data/results/metagenomic_plasmid_srr11038083_codex_20260810_12vcpu_62gb/08_annotation/SRR11038083/final.contigs_plasmid.gff3
SRR11038083	contig_69	HJHHLH_0182	463	654		HJHHLH_0182	RNA polymerase	CDS	bakta	/root/autodl-tmp/abi-real-data/results/metagenomic_plasmid_srr11038083_codex_20260810_12vcpu_62gb/08_annotation/SRR11038083/final.contigs_plasmid.gff3
SRR11038083	contig_70	contig_70	1	2804	+	contig_70	contig_70	region	bakta	/root/autodl-tmp/abi-real-data/results/metagenomic_plasmid_srr11038083_codex_20260810_12vcpu_62gb/08_annotation/SRR11038083/final.contigs_plasmid.gff3
SRR11038083	contig_70	Bacillus-plasmid	34	93		Bacillus-plasmid	Bacillus-plasmid RNA	ncRNA	bakta	/root/autodl-tmp/abi-real-data/results/metagenomic_plasmid_srr11038083_codex_20260810_12vcpu_62gb/08_annotation/SRR11038083/final.contigs_plasmid.gff3
SRR11038083	contig_70	HJHHLH_0184	209	508	+	HJHHLH_0184	hypothetical protein	CDS	bakta	/root/autodl-tmp/abi-real-data/results/metagenomic_plasmid_srr11038083_codex_20260810_12vcpu_62gb/08_annotation/SRR11038083/final.contigs_plasmid.gff3
SRR11038083	contig_70	HJHHLH_0185	539	1720		HJHHLH_0185	hypothetical protein	CDS	bakta	/root/autodl-tmp/abi-real-data/results/metagenomic_plasmid_srr11038083_codex_20260810_12vcpu_62gb/08_annotation/SRR11038083/final.contigs_plasmid.gff3
SRR11038083	contig_70	HJHHLH_0186	2053	2739		HJHHLH_0186	hypothetical protein	CDS	bakta	/root/autodl-tmp/abi-real-data/results/metagenomic_plasmid_srr11038083_codex_20260810_12vcpu_62gb/08_annotation/SRR11038083/final.contigs_plasmid.gff3
SRR11038083	contig_71	contig_71	1	527	+	contig_71	contig_71	region	bakta	/root/autodl-tmp/abi-real-data/results/metagenomic_plasmid_srr11038083_codex_20260810_12vcpu_62gb/08_annotation/SRR11038083/final.contigs_plasmid.gff3
SRR11038083	contig_71	HJHHLH_0187	288	401		HJHHLH_0187	hypothetical protein	CDS	bakta	/root/autodl-tmp/abi-real-data/results/metagenomic_plasmid_srr11038083_codex_20260810_12vcpu_62gb/08_annotation/SRR11038083/final.contigs_plasmid.gff3
SRR11038083	contig_72	contig_72	1	1732	+	contig_72	contig_72	region	bakta	/root/autodl-tmp/abi-real-data/results/metagenomic_plasmid_srr11038083_codex_20260810_12vcpu_62gb/08_annotation/SRR11038083/final.contigs_plasmid.gff3
SRR11038083	contig_72	HJHHLH_0188	117	812	+	HJHHLH_0188	hypothetical protein	CDS	bakta	/root/autodl-tmp/abi-real-data/results/metagenomic_plasmid_srr11038083_codex_20260810_12vcpu_62gb/08_annotation/SRR11038083/final.contigs_plasmid.gff3
SRR11038083	contig_73	contig_73	1	3565	+	contig_73	contig_73	region	bakta	/root/autodl-tmp/abi-real-data/results/metagenomic_plasmid_srr11038083_codex_20260810_12vcpu_62gb/08_annotation/SRR11038083/final.contigs_plasmid.gff3
SRR11038083	contig_73	HJHHLH_0189	504	767		HJHHLH_0189	hypothetical protein	CDS	bakta	/root/autodl-tmp/abi-real-data/results/metagenomic_plasmid_srr11038083_codex_20260810_12vcpu_62gb/08_annotation/SRR11038083/final.contigs_plasmid.gff3
SRR11038083	contig_73	HJHHLH_0190	779	1345		HJHHLH_0190	Tyr recombinase domain-containing protein	CDS	bakta	/root/autodl-tmp/abi-real-data/results/metagenomic_plasmid_srr11038083_codex_20260810_12vcpu_62gb/08_annotation/SRR11038083/final.contigs_plasmid.gff3
SRR11038083	contig_73	HJHHLH_0191	1448	1693		HJHHLH_0191	hypothetical protein	CDS	bakta	/root/autodl-tmp/abi-real-data/results/metagenomic_plasmid_srr11038083_codex_20260810_12vcpu_62gb/08_annotation/SRR11038083/final.contigs_plasmid.gff3
SRR11038083	contig_73	HJHHLH_0192	1893	2363		HJHHLH_0192	hypothetical protein	CDS	bakta	/root/autodl-tmp/abi-real-data/results/metagenomic_plasmid_srr11038083_codex_20260810_12vcpu_62gb/08_annotation/SRR11038083/final.contigs_plasmid.gff3
SRR11038083	contig_73	HJHHLH_0193	2341	3333		HJHHLH_0193	hypothetical protein	CDS	bakta	/root/autodl-tmp/abi-real-data/results/metagenomic_plasmid_srr11038083_codex_20260810_12vcpu_62gb/08_annotation/SRR11038083/final.contigs_plasmid.gff3
SRR11038083	contig_74	contig_74	1	6157	+	contig_74	contig_74	region	bakta	/root/autodl-tmp/abi-real-data/results/metagenomic_plasmid_srr11038083_codex_20260810_12vcpu_62gb/08_annotation/SRR11038083/final.contigs_plasmid.gff3
SRR11038083	contig_74	HJHHLHJKEC_425	189	883	?	HJHHLHJKEC_425	origin of replication	oriC	bakta	/root/autodl-tmp/abi-real-data/results/metagenomic_plasmid_srr11038083_codex_20260810_12vcpu_62gb/08_annotation/SRR11038083/final.contigs_plasmid.gff3
SRR11038083	contig_74	RNAI	237	337		RNAI	RNAI	ncRNA	bakta	/root/autodl-tmp/abi-real-data/results/metagenomic_plasmid_srr11038083_codex_20260810_12vcpu_62gb/08_annotation/SRR11038083/final.contigs_plasmid.gff3
SRR11038083	contig_74	HJHHLH_0195	529	825		HJHHLH_0195	Plasmid replication initiation protein	CDS	bakta	/root/autodl-tmp/abi-real-data/results/metagenomic_plasmid_srr11038083_codex_20260810_12vcpu_62gb/08_annotation/SRR11038083/final.contigs_plasmid.gff3
SRR11038083	contig_74	HJHHLH_0196	1183	1284	+	HJHHLH_0196	hypothetical protein	CDS	bakta	/root/autodl-tmp/abi-real-data/results/metagenomic_plasmid_srr11038083_codex_20260810_12vcpu_62gb/08_annotation/SRR11038083/final.contigs_plasmid.gff3
SRR11038083	contig_74	blaTEM-116	2153	3013	+	blaTEM-116	broad-spectrum class A beta-lactamase TEM-116	CDS	bakta	/root/autodl-tmp/abi-real-data/results/metagenomic_plasmid_srr11038083_codex_20260810_12vcpu_62gb/08_annotation/SRR11038083/final.contigs_plasmid.gff3
SRR11038083	contig_74	HJHHLHJKEC_426	3014	3983	?	HJHHLHJKEC_426	origin of replication	oriC	bakta	/root/autodl-tmp/abi-real-data/results/metagenomic_plasmid_srr11038083_codex_20260810_12vcpu_62gb/08_annotation/SRR11038083/final.contigs_plasmid.gff3
SRR11038083	contig_74	RNAI	3224	3328		RNAI	RNAI	ncRNA	bakta	/root/autodl-tmp/abi-real-data/results/metagenomic_plasmid_srr11038083_codex_20260810_12vcpu_62gb/08_annotation/SRR11038083/final.contigs_plasmid.gff3
SRR11038083	contig_74	HJHHLH_0199	4018	4212		HJHHLH_0199	Rop family plasmid primer RNA-binding protein	CDS	bakta	/root/autodl-tmp/abi-real-data/results/metagenomic_plasmid_srr11038083_codex_20260810_12vcpu_62gb/08_annotation/SRR11038083/final.contigs_plasmid.gff3
SRR11038083	contig_74	HJHHLHJKEC_433	4247	4487	?	HJHHLHJKEC_433	origin of transfer	oriT	bakta	/root/autodl-tmp/abi-real-data/results/metagenomic_plasmid_srr11038083_codex_20260810_12vcpu_62gb/08_annotation/SRR11038083/final.contigs_plasmid.gff3
SRR11038083	contig_74	mobA	4496	4819	+	mobA	plasmid mobilization protein MobA	CDS	bakta	/root/autodl-tmp/abi-real-data/results/metagenomic_plasmid_srr11038083_codex_20260810_12vcpu_62gb/08_annotation/SRR11038083/final.contigs_plasmid.gff3
SRR11038083	contig_74	HJHHLH_0201	4788	5126	+	HJHHLH_0201	hypothetical protein	CDS	bakta	/root/autodl-tmp/abi-real-data/results/metagenomic_plasmid_srr11038083_codex_20260810_12vcpu_62gb/08_annotation/SRR11038083/final.contigs_plasmid.gff3
SRR11038083	contig_74	HJHHLH_0202	5178	5450	+	HJHHLH_0202	HNH endonuclease	CDS	bakta	/root/autodl-tmp/abi-real-data/results/metagenomic_plasmid_srr11038083_codex_20260810_12vcpu_62gb/08_annotation/SRR11038083/final.contigs_plasmid.gff3
SRR11038083	contig_74	HJHHLH_0203	5447	5851	+	HJHHLH_0203	hypothetical protein	CDS	bakta	/root/autodl-tmp/abi-real-data/results/metagenomic_plasmid_srr11038083_codex_20260810_12vcpu_62gb/08_annotation/SRR11038083/final.contigs_plasmid.gff3
SRR11038083	contig_74	RNAI	5957	6057		RNAI	RNAI	ncRNA	bakta	/root/autodl-tmp/abi-real-data/results/metagenomic_plasmid_srr11038083_codex_20260810_12vcpu_62gb/08_annotation/SRR11038083/final.contigs_plasmid.gff3
SRR11038083	contig_75	contig_75	1	2043	+	contig_75	contig_75	region	bakta	/root/autodl-tmp/abi-real-data/results/metagenomic_plasmid_srr11038083_codex_20260810_12vcpu_62gb/08_annotation/SRR11038083/final.contigs_plasmid.gff3
SRR11038083	contig_75	HJHHLH_0205	368	1393	+	HJHHLH_0205	Uncultured bacterium plasmid pRGI00992	CDS	bakta	/root/autodl-tmp/abi-real-data/results/metagenomic_plasmid_srr11038083_codex_20260810_12vcpu_62gb/08_annotation/SRR11038083/final.contigs_plasmid.gff3
SRR11038083	contig_76	contig_76	1	2154	+	contig_76	contig_76	region	bakta	/root/autodl-tmp/abi-real-data/results/metagenomic_plasmid_srr11038083_codex_20260810_12vcpu_62gb/08_annotation/SRR11038083/final.contigs_plasmid.gff3
SRR11038083	contig_76	HJHHLH_0206	555	995	+	HJHHLH_0206	Replication protein	CDS	bakta	/root/autodl-tmp/abi-real-data/results/metagenomic_plasmid_srr11038083_codex_20260810_12vcpu_62gb/08_annotation/SRR11038083/final.contigs_plasmid.gff3
SRR11038083	contig_76	mobV	1059	2027		mobV	MobV family relaxase	CDS	bakta	/root/autodl-tmp/abi-real-data/results/metagenomic_plasmid_srr11038083_codex_20260810_12vcpu_62gb/08_annotation/SRR11038083/final.contigs_plasmid.gff3
SRR11038083	contig_77	contig_77	1	2138	+	contig_77	contig_77	region	bakta	/root/autodl-tmp/abi-real-data/results/metagenomic_plasmid_srr11038083_codex_20260810_12vcpu_62gb/08_annotation/SRR11038083/final.contigs_plasmid.gff3
SRR11038083	contig_77	HJHHLH_0208	45	1121	+	HJHHLH_0208	hypothetical protein	CDS	bakta	/root/autodl-tmp/abi-real-data/results/metagenomic_plasmid_srr11038083_codex_20260810_12vcpu_62gb/08_annotation/SRR11038083/final.contigs_plasmid.gff3
SRR11038083	contig_77	HJHHLH_0209	1129	1416	+	HJHHLH_0209	hypothetical protein	CDS	bakta	/root/autodl-tmp/abi-real-data/results/metagenomic_plasmid_srr11038083_codex_20260810_12vcpu_62gb/08_annotation/SRR11038083/final.contigs_plasmid.gff3
SRR11038083	contig_77	HJHHLH_0210	1646	1843	+	HJHHLH_0210	hypothetical protein	CDS	bakta	/root/autodl-tmp/abi-real-data/results/metagenomic_plasmid_srr11038083_codex_20260810_12vcpu_62gb/08_annotation/SRR11038083/final.contigs_plasmid.gff3
SRR11038083	contig_78	contig_78	1	2707	+	contig_78	contig_78	region	bakta	/root/autodl-tmp/abi-real-data/results/metagenomic_plasmid_srr11038083_codex_20260810_12vcpu_62gb/08_annotation/SRR11038083/final.contigs_plasmid.gff3
SRR11038083	contig_78	mobV	439	1539	+	mobV	MobV family relaxase	CDS	bakta	/root/autodl-tmp/abi-real-data/results/metagenomic_plasmid_srr11038083_codex_20260810_12vcpu_62gb/08_annotation/SRR11038083/final.contigs_plasmid.gff3
SRR11038083	contig_78	HJHHLH_0212	1608	2069		HJHHLH_0212	Replication protein	CDS	bakta	/root/autodl-tmp/abi-real-data/results/metagenomic_plasmid_srr11038083_codex_20260810_12vcpu_62gb/08_annotation/SRR11038083/final.contigs_plasmid.gff3
SRR11038083	contig_79	contig_79	1	1963	+	contig_79	contig_79	region	bakta	/root/autodl-tmp/abi-real-data/results/metagenomic_plasmid_srr11038083_codex_20260810_12vcpu_62gb/08_annotation/SRR11038083/final.contigs_plasmid.gff3
SRR11038083	contig_79	repL	243	776		repL	Firmicute plasmid replication protein RepL	CDS	bakta	/root/autodl-tmp/abi-real-data/results/metagenomic_plasmid_srr11038083_codex_20260810_12vcpu_62gb/08_annotation/SRR11038083/final.contigs_plasmid.gff3
SRR11038083	contig_79	HJHHLH_0214	1765	1950		HJHHLH_0214	hypothetical protein	CDS	bakta	/root/autodl-tmp/abi-real-data/results/metagenomic_plasmid_srr11038083_codex_20260810_12vcpu_62gb/08_annotation/SRR11038083/final.contigs_plasmid.gff3
SRR11038083	contig_80	contig_80	1	4382	+	contig_80	contig_80	region	bakta	/root/autodl-tmp/abi-real-data/results/metagenomic_plasmid_srr11038083_codex_20260810_12vcpu_62gb/08_annotation/SRR11038083/final.contigs_plasmid.gff3
SRR11038083	contig_80	rlmN	227	1210		rlmN	Putative dual-specificity RNA methyltransferase RlmN	CDS	bakta	/root/autodl-tmp/abi-real-data/results/metagenomic_plasmid_srr11038083_codex_20260810_12vcpu_62gb/08_annotation/SRR11038083/final.contigs_plasmid.gff3
SRR11038083	contig_80	HJHHLH_0216	1369	1812		HJHHLH_0216	HTH merR-type domain-containing protein	CDS	bakta	/root/autodl-tmp/abi-real-data/results/metagenomic_plasmid_srr11038083_codex_20260810_12vcpu_62gb/08_annotation/SRR11038083/final.contigs_plasmid.gff3
SRR11038083	contig_80	HJHHLH_0217	1885	2163		HJHHLH_0217	Type II toxin-antitoxin system mRNA interferase toxin%2C RelE/StbE family	CDS	bakta	/root/autodl-tmp/abi-real-data/results/metagenomic_plasmid_srr11038083_codex_20260810_12vcpu_62gb/08_annotation/SRR11038083/final.contigs_plasmid.gff3
SRR11038083	contig_80	HJHHLH_0218	2156	2422		HJHHLH_0218	Type II toxin-antitoxin system antitoxin%2C RelB/DinJ family	CDS	bakta	/root/autodl-tmp/abi-real-data/results/metagenomic_plasmid_srr11038083_codex_20260810_12vcpu_62gb/08_annotation/SRR11038083/final.contigs_plasmid.gff3
SRR11038083	contig_80	HJHHLH_0219	2678	4129		HJHHLH_0219	Replication protein	CDS	bakta	/root/autodl-tmp/abi-real-data/results/metagenomic_plasmid_srr11038083_codex_20260810_12vcpu_62gb/08_annotation/SRR11038083/final.contigs_plasmid.gff3
SRR11038083	contig_81	contig_81	1	10720	+	contig_81	contig_81	region	bakta	/root/autodl-tmp/abi-real-data/results/metagenomic_plasmid_srr11038083_codex_20260810_12vcpu_62gb/08_annotation/SRR11038083/final.contigs_plasmid.gff3
SRR11038083	contig_81	HJHHLH_0220	163	804	+	HJHHLH_0220	Plasmid replication protein origin binding domain-containing protein	CDS	bakta	/root/autodl-tmp/abi-real-data/results/metagenomic_plasmid_srr11038083_codex_20260810_12vcpu_62gb/08_annotation/SRR11038083/final.contigs_plasmid.gff3
SRR11038083	contig_81	HJHHLH_0221	1455	2672	+	HJHHLH_0221	Recombinase	CDS	bakta	/root/autodl-tmp/abi-real-data/results/metagenomic_plasmid_srr11038083_codex_20260810_12vcpu_62gb/08_annotation/SRR11038083/final.contigs_plasmid.gff3
SRR11038083	contig_81	HJHHLH_0222	2716	2952	+	HJHHLH_0222	Antitoxin	CDS	bakta	/root/autodl-tmp/abi-real-data/results/metagenomic_plasmid_srr11038083_codex_20260810_12vcpu_62gb/08_annotation/SRR11038083/final.contigs_plasmid.gff3
SRR11038083	contig_81	HJHHLH_0223	2936	3205	+	HJHHLH_0223	Type II toxin-antitoxin system RelE/ParE family toxin	CDS	bakta	/root/autodl-tmp/abi-real-data/results/metagenomic_plasmid_srr11038083_codex_20260810_12vcpu_62gb/08_annotation/SRR11038083/final.contigs_plasmid.gff3
SRR11038083	contig_81	HJHHLH_0224	3271	3891	+	HJHHLH_0224	Rep family protein	CDS	bakta	/root/autodl-tmp/abi-real-data/results/metagenomic_plasmid_srr11038083_codex_20260810_12vcpu_62gb/08_annotation/SRR11038083/final.contigs_plasmid.gff3
SRR11038083	contig_81	mobV	4437	5729	+	mobV	MobV family relaxase	CDS	bakta	/root/autodl-tmp/abi-real-data/results/metagenomic_plasmid_srr11038083_codex_20260810_12vcpu_62gb/08_annotation/SRR11038083/final.contigs_plasmid.gff3
SRR11038083	contig_81	HJHHLH_0226	5970	6701	+	HJHHLH_0226	Plasmid replication protein origin binding domain-containing protein	CDS	bakta	/root/autodl-tmp/abi-real-data/results/metagenomic_plasmid_srr11038083_codex_20260810_12vcpu_62gb/08_annotation/SRR11038083/final.contigs_plasmid.gff3
SRR11038083	contig_81	mobV	7154	8233	+	mobV	MobV family relaxase	CDS	bakta	/root/autodl-tmp/abi-real-data/results/metagenomic_plasmid_srr11038083_codex_20260810_12vcpu_62gb/08_annotation/SRR11038083/final.contigs_plasmid.gff3
SRR11038083	contig_81	HJHHLH_0228	8283	8537	+	HJHHLH_0228	Toxin	CDS	bakta	/root/autodl-tmp/abi-real-data/results/metagenomic_plasmid_srr11038083_codex_20260810_12vcpu_62gb/08_annotation/SRR11038083/final.contigs_plasmid.gff3
SRR11038083	contig_81	HJHHLH_0229	8540	8821	+	HJHHLH_0229	Toxin-antitoxin system antitoxin subunit	CDS	bakta	/root/autodl-tmp/abi-real-data/results/metagenomic_plasmid_srr11038083_codex_20260810_12vcpu_62gb/08_annotation/SRR11038083/final.contigs_plasmid.gff3
SRR11038083	contig_81	HJHHLH_0230	9058	10035	+	HJHHLH_0230	replication initiation factor domain-containing protein	CDS	bakta	/root/autodl-tmp/abi-real-data/results/metagenomic_plasmid_srr11038083_codex_20260810_12vcpu_62gb/08_annotation/SRR11038083/final.contigs_plasmid.gff3
SRR11038083	contig_81	HJHHLH_0231	10233	10448	+	HJHHLH_0231	hypothetical protein	CDS	bakta	/root/autodl-tmp/abi-real-data/results/metagenomic_plasmid_srr11038083_codex_20260810_12vcpu_62gb/08_annotation/SRR11038083/final.contigs_plasmid.gff3
SRR11038083	contig_82	contig_82	1	396	+	contig_82	contig_82	region	bakta	/root/autodl-tmp/abi-real-data/results/metagenomic_plasmid_srr11038083_codex_20260810_12vcpu_62gb/08_annotation/SRR11038083/final.contigs_plasmid.gff3
SRR11038083	contig_82	HJHHLHJKEC_434	30	129	?	HJHHLHJKEC_434	origin of transfer	oriT	bakta	/root/autodl-tmp/abi-real-data/results/metagenomic_plasmid_srr11038083_codex_20260810_12vcpu_62gb/08_annotation/SRR11038083/final.contigs_plasmid.gff3
SRR11038083	contig_83	contig_83	1	3625	+	contig_83	contig_83	region	bakta	/root/autodl-tmp/abi-real-data/results/metagenomic_plasmid_srr11038083_codex_20260810_12vcpu_62gb/08_annotation/SRR11038083/final.contigs_plasmid.gff3
SRR11038083	contig_83	HJHHLH_0232	393	821	+	HJHHLH_0232	hypothetical protein	CDS	bakta	/root/autodl-tmp/abi-real-data/results/metagenomic_plasmid_srr11038083_codex_20260810_12vcpu_62gb/08_annotation/SRR11038083/final.contigs_plasmid.gff3
SRR11038083	contig_83	HJHHLH_0233	1009	1236		HJHHLH_0233	DUF5348 domain-containing protein	CDS	bakta	/root/autodl-tmp/abi-real-data/results/metagenomic_plasmid_srr11038083_codex_20260810_12vcpu_62gb/08_annotation/SRR11038083/final.contigs_plasmid.gff3
SRR11038083	contig_83	HJHHLH_0234	1251	1514		HJHHLH_0234	Txe/YoeB family addiction module toxin	CDS	bakta	/root/autodl-tmp/abi-real-data/results/metagenomic_plasmid_srr11038083_codex_20260810_12vcpu_62gb/08_annotation/SRR11038083/final.contigs_plasmid.gff3
SRR11038083	contig_83	HJHHLH_0235	1504	1773		HJHHLH_0235	type II toxin-antitoxin system Phd/YefM family antitoxin	CDS	bakta	/root/autodl-tmp/abi-real-data/results/metagenomic_plasmid_srr11038083_codex_20260810_12vcpu_62gb/08_annotation/SRR11038083/final.contigs_plasmid.gff3
SRR11038083	contig_83	HJHHLH_0236	1860	3284		HJHHLH_0236	Replication protein	CDS	bakta	/root/autodl-tmp/abi-real-data/results/metagenomic_plasmid_srr11038083_codex_20260810_12vcpu_62gb/08_annotation/SRR11038083/final.contigs_plasmid.gff3
SRR11038083	contig_84	contig_84	1	464	+	contig_84	contig_84	region	bakta	/root/autodl-tmp/abi-real-data/results/metagenomic_plasmid_srr11038083_codex_20260810_12vcpu_62gb/08_annotation/SRR11038083/final.contigs_plasmid.gff3
SRR11038083	contig_85	contig_85	1	1787	+	contig_85	contig_85	region	bakta	/root/autodl-tmp/abi-real-data/results/metagenomic_plasmid_srr11038083_codex_20260810_12vcpu_62gb/08_annotation/SRR11038083/final.contigs_plasmid.gff3
SRR11038083	contig_85	RNAI	360	462	+	RNAI	RNAI	ncRNA	bakta	/root/autodl-tmp/abi-real-data/results/metagenomic_plasmid_srr11038083_codex_20260810_12vcpu_62gb/08_annotation/SRR11038083/final.contigs_plasmid.gff3
SRR11038083	contig_85	marR	563	1273		marR	MarR family transcriptional regulator	CDS	bakta	/root/autodl-tmp/abi-real-data/results/metagenomic_plasmid_srr11038083_codex_20260810_12vcpu_62gb/08_annotation/SRR11038083/final.contigs_plasmid.gff3
SRR11038083	contig_86	contig_86	1	3838	+	contig_86	contig_86	region	bakta	/root/autodl-tmp/abi-real-data/results/metagenomic_plasmid_srr11038083_codex_20260810_12vcpu_62gb/08_annotation/SRR11038083/final.contigs_plasmid.gff3
SRR11038083	contig_86	HJHHLH_0239	15	821		HJHHLH_0239	replication initiation protein	CDS	bakta	/root/autodl-tmp/abi-real-data/results/metagenomic_plasmid_srr11038083_codex_20260810_12vcpu_62gb/08_annotation/SRR11038083/final.contigs_plasmid.gff3
SRR11038083	contig_86	HJHHLH_0240	1101	1346		HJHHLH_0240	hypothetical protein	CDS	bakta	/root/autodl-tmp/abi-real-data/results/metagenomic_plasmid_srr11038083_codex_20260810_12vcpu_62gb/08_annotation/SRR11038083/final.contigs_plasmid.gff3
SRR11038083	contig_86	HJHHLH_0241	1760	3475		HJHHLH_0241	hypothetical protein	CDS	bakta	/root/autodl-tmp/abi-real-data/results/metagenomic_plasmid_srr11038083_codex_20260810_12vcpu_62gb/08_annotation/SRR11038083/final.contigs_plasmid.gff3
SRR11038083	contig_87	contig_87	1	560	+	contig_87	contig_87	region	bakta	/root/autodl-tmp/abi-real-data/results/metagenomic_plasmid_srr11038083_codex_20260810_12vcpu_62gb/08_annotation/SRR11038083/final.contigs_plasmid.gff3
SRR11038083	contig_87	HJHHLH_0242	86	418	+	HJHHLH_0242	hypothetical protein	CDS	bakta	/root/autodl-tmp/abi-real-data/results/metagenomic_plasmid_srr11038083_codex_20260810_12vcpu_62gb/08_annotation/SRR11038083/final.contigs_plasmid.gff3
SRR11038083	contig_88	contig_88	1	3502	+	contig_88	contig_88	region	bakta	/root/autodl-tmp/abi-real-data/results/metagenomic_plasmid_srr11038083_codex_20260810_12vcpu_62gb/08_annotation/SRR11038083/final.contigs_plasmid.gff3
SRR11038083	contig_88	HJHHLH_0243	15	2357	+	HJHHLH_0243	class I SAM-dependent DNA methyltransferase	CDS	bakta	/root/autodl-tmp/abi-real-data/results/metagenomic_plasmid_srr11038083_codex_20260810_12vcpu_62gb/08_annotation/SRR11038083/final.contigs_plasmid.gff3
SRR11038083	contig_88	HJHHLH_0244	2361	2792		HJHHLH_0244	hypothetical protein	CDS	bakta	/root/autodl-tmp/abi-real-data/results/metagenomic_plasmid_srr11038083_codex_20260810_12vcpu_62gb/08_annotation/SRR11038083/final.contigs_plasmid.gff3
SRR11038083	contig_88	HJHHLH_0245	2899	3480		HJHHLH_0245	hypothetical protein	CDS	bakta	/root/autodl-tmp/abi-real-data/results/metagenomic_plasmid_srr11038083_codex_20260810_12vcpu_62gb/08_annotation/SRR11038083/final.contigs_plasmid.gff3
SRR11038083	contig_89	contig_89	1	902	+	contig_89	contig_89	region	bakta	/root/autodl-tmp/abi-real-data/results/metagenomic_plasmid_srr11038083_codex_20260810_12vcpu_62gb/08_annotation/SRR11038083/final.contigs_plasmid.gff3
SRR11038083	contig_90	contig_90	1	644	+	contig_90	contig_90	region	bakta	/root/autodl-tmp/abi-real-data/results/metagenomic_plasmid_srr11038083_codex_20260810_12vcpu_62gb/08_annotation/SRR11038083/final.contigs_plasmid.gff3
SRR11038083	contig_90	HJHHLH_0246	48	638	+	HJHHLH_0246	hypothetical protein	CDS	bakta	/root/autodl-tmp/abi-real-data/results/metagenomic_plasmid_srr11038083_codex_20260810_12vcpu_62gb/08_annotation/SRR11038083/final.contigs_plasmid.gff3
SRR11038083	contig_91	contig_91	1	2802	+	contig_91	contig_91	region	bakta	/root/autodl-tmp/abi-real-data/results/metagenomic_plasmid_srr11038083_codex_20260810_12vcpu_62gb/08_annotation/SRR11038083/final.contigs_plasmid.gff3
SRR11038083	contig_91	HJHHLH_0247	40	321		HJHHLH_0247	hypothetical protein	CDS	bakta	/root/autodl-tmp/abi-real-data/results/metagenomic_plasmid_srr11038083_codex_20260810_12vcpu_62gb/08_annotation/SRR11038083/final.contigs_plasmid.gff3
SRR11038083	contig_91	Bacillus-plasmid	200	276		Bacillus-plasmid	Bacillus-plasmid RNA	ncRNA	bakta	/root/autodl-tmp/abi-real-data/results/metagenomic_plasmid_srr11038083_codex_20260810_12vcpu_62gb/08_annotation/SRR11038083/final.contigs_plasmid.gff3
SRR11038083	contig_91	repL	337	768		repL	replication/maintenance protein RepL	CDS	bakta	/root/autodl-tmp/abi-real-data/results/metagenomic_plasmid_srr11038083_codex_20260810_12vcpu_62gb/08_annotation/SRR11038083/final.contigs_plasmid.gff3
SRR11038083	contig_91	HJHHLH_0250	1846	2289		HJHHLH_0250	HTH crp-type domain-containing protein	CDS	bakta	/root/autodl-tmp/abi-real-data/results/metagenomic_plasmid_srr11038083_codex_20260810_12vcpu_62gb/08_annotation/SRR11038083/final.contigs_plasmid.gff3
SRR11038083	contig_92	contig_92	1	3044	+	contig_92	contig_92	region	bakta	/root/autodl-tmp/abi-real-data/results/metagenomic_plasmid_srr11038083_codex_20260810_12vcpu_62gb/08_annotation/SRR11038083/final.contigs_plasmid.gff3
SRR11038083	contig_92	HJHHLH_0251	148	609	+	HJHHLH_0251	hypothetical protein	CDS	bakta	/root/autodl-tmp/abi-real-data/results/metagenomic_plasmid_srr11038083_codex_20260810_12vcpu_62gb/08_annotation/SRR11038083/final.contigs_plasmid.gff3
SRR11038083	contig_92	mazE	1301	1450		mazE	Antitoxin MazE	CDS	bakta	/root/autodl-tmp/abi-real-data/results/metagenomic_plasmid_srr11038083_codex_20260810_12vcpu_62gb/08_annotation/SRR11038083/final.contigs_plasmid.gff3
SRR11038083	contig_92	HJHHLHJKEC_435	1479	1550	?	HJHHLHJKEC_435	origin of transfer	oriT	bakta	/root/autodl-tmp/abi-real-data/results/metagenomic_plasmid_srr11038083_codex_20260810_12vcpu_62gb/08_annotation/SRR11038083/final.contigs_plasmid.gff3
SRR11038083	contig_93	contig_93	1	446	+	contig_93	contig_93	region	bakta	/root/autodl-tmp/abi-real-data/results/metagenomic_plasmid_srr11038083_codex_20260810_12vcpu_62gb/08_annotation/SRR11038083/final.contigs_plasmid.gff3
SRR11038083	contig_94	contig_94	1	648	+	contig_94	contig_94	region	bakta	/root/autodl-tmp/abi-real-data/results/metagenomic_plasmid_srr11038083_codex_20260810_12vcpu_62gb/08_annotation/SRR11038083/final.contigs_plasmid.gff3
SRR11038083	contig_95	contig_95	1	465	+	contig_95	contig_95	region	bakta	/root/autodl-tmp/abi-real-data/results/metagenomic_plasmid_srr11038083_codex_20260810_12vcpu_62gb/08_annotation/SRR11038083/final.contigs_plasmid.gff3
SRR11038083	contig_95	HJHHLH_0253	41	322	+	HJHHLH_0253	hypothetical protein	CDS	bakta	/root/autodl-tmp/abi-real-data/results/metagenomic_plasmid_srr11038083_codex_20260810_12vcpu_62gb/08_annotation/SRR11038083/final.contigs_plasmid.gff3
SRR11038083	contig_95	Bacillus-plasmid	383	459	+	Bacillus-plasmid	Bacillus-plasmid RNA	ncRNA	bakta	/root/autodl-tmp/abi-real-data/results/metagenomic_plasmid_srr11038083_codex_20260810_12vcpu_62gb/08_annotation/SRR11038083/final.contigs_plasmid.gff3
SRR11038083	contig_96	contig_96	1	5735	+	contig_96	contig_96	region	bakta	/root/autodl-tmp/abi-real-data/results/metagenomic_plasmid_srr11038083_codex_20260810_12vcpu_62gb/08_annotation/SRR11038083/final.contigs_plasmid.gff3
SRR11038083	contig_96	HJHHLH_0255	258	656		HJHHLH_0255	Exo-poly-alpha-D-galacturonosidase	CDS	bakta	/root/autodl-tmp/abi-real-data/results/metagenomic_plasmid_srr11038083_codex_20260810_12vcpu_62gb/08_annotation/SRR11038083/final.contigs_plasmid.gff3
SRR11038083	contig_96	HJHHLH_0256	693	1013		HJHHLH_0256	mRNA interferase	CDS	bakta	/root/autodl-tmp/abi-real-data/results/metagenomic_plasmid_srr11038083_codex_20260810_12vcpu_62gb/08_annotation/SRR11038083/final.contigs_plasmid.gff3
SRR11038083	contig_96	HJHHLH_0257	1007	1255		HJHHLH_0257	SpoVT-AbrB domain-containing protein	CDS	bakta	/root/autodl-tmp/abi-real-data/results/metagenomic_plasmid_srr11038083_codex_20260810_12vcpu_62gb/08_annotation/SRR11038083/final.contigs_plasmid.gff3
SRR11038083	contig_96	HJHHLH_0258	1661	2911	+	HJHHLH_0258	MobA/VirD2-like nuclease domain-containing protein	CDS	bakta	/root/autodl-tmp/abi-real-data/results/metagenomic_plasmid_srr11038083_codex_20260810_12vcpu_62gb/08_annotation/SRR11038083/final.contigs_plasmid.gff3
SRR11038083	contig_96	HJHHLH_0259	2981	3751		HJHHLH_0259	DUF1735 domain-containing protein	CDS	bakta	/root/autodl-tmp/abi-real-data/results/metagenomic_plasmid_srr11038083_codex_20260810_12vcpu_62gb/08_annotation/SRR11038083/final.contigs_plasmid.gff3
SRR11038083	contig_96	HJHHLH_0260	3843	4304	+	HJHHLH_0260	Integral membrane protein	CDS	bakta	/root/autodl-tmp/abi-real-data/results/metagenomic_plasmid_srr11038083_codex_20260810_12vcpu_62gb/08_annotation/SRR11038083/final.contigs_plasmid.gff3
SRR11038083	contig_96	HJHHLH_0261	4308	5357		HJHHLH_0261	Replication protein	CDS	bakta	/root/autodl-tmp/abi-real-data/results/metagenomic_plasmid_srr11038083_codex_20260810_12vcpu_62gb/08_annotation/SRR11038083/final.contigs_plasmid.gff3
SRR11038083	contig_97	contig_97	1	440	+	contig_97	contig_97	region	bakta	/root/autodl-tmp/abi-real-data/results/metagenomic_plasmid_srr11038083_codex_20260810_12vcpu_62gb/08_annotation/SRR11038083/final.contigs_plasmid.gff3
SRR11038083	contig_98	contig_98	1	1832	+	contig_98	contig_98	region	bakta	/root/autodl-tmp/abi-real-data/results/metagenomic_plasmid_srr11038083_codex_20260810_12vcpu_62gb/08_annotation/SRR11038083/final.contigs_plasmid.gff3
SRR11038083	contig_98	HJHHLH_0262	514	1500		HJHHLH_0262	protein rep	CDS	bakta	/root/autodl-tmp/abi-real-data/results/metagenomic_plasmid_srr11038083_codex_20260810_12vcpu_62gb/08_annotation/SRR11038083/final.contigs_plasmid.gff3
SRR11038083	contig_99	contig_99	1	1680	+	contig_99	contig_99	region	bakta	/root/autodl-tmp/abi-real-data/results/metagenomic_plasmid_srr11038083_codex_20260810_12vcpu_62gb/08_annotation/SRR11038083/final.contigs_plasmid.gff3
SRR11038083	contig_99	HJHHLHJKEC_427	1	915	?	HJHHLHJKEC_427	origin of replication	oriC	bakta	/root/autodl-tmp/abi-real-data/results/metagenomic_plasmid_srr11038083_codex_20260810_12vcpu_62gb/08_annotation/SRR11038083/final.contigs_plasmid.gff3
SRR11038083	contig_99	HJHHLHJKEC_436	728	837	?	HJHHLHJKEC_436	origin of transfer	oriT	bakta	/root/autodl-tmp/abi-real-data/results/metagenomic_plasmid_srr11038083_codex_20260810_12vcpu_62gb/08_annotation/SRR11038083/final.contigs_plasmid.gff3
SRR11038083	contig_99	HJHHLH_0263	916	1392	+	HJHHLH_0263	HTH domain-containing protein	CDS	bakta	/root/autodl-tmp/abi-real-data/results/metagenomic_plasmid_srr11038083_codex_20260810_12vcpu_62gb/08_annotation/SRR11038083/final.contigs_plasmid.gff3
SRR11038083	contig_100	contig_100	1	5242	+	contig_100	contig_100	region	bakta	/root/autodl-tmp/abi-real-data/results/metagenomic_plasmid_srr11038083_codex_20260810_12vcpu_62gb/08_annotation/SRR11038083/final.contigs_plasmid.gff3
SRR11038083	contig_100	HJHHLH_0264	117	770	+	HJHHLH_0264	hypothetical protein	CDS	bakta	/root/autodl-tmp/abi-real-data/results/metagenomic_plasmid_srr11038083_codex_20260810_12vcpu_62gb/08_annotation/SRR11038083/final.contigs_plasmid.gff3
SRR11038083	contig_100	HJHHLH_0265	875	1444	+	HJHHLH_0265	hypothetical protein	CDS	bakta	/root/autodl-tmp/abi-real-data/results/metagenomic_plasmid_srr11038083_codex_20260810_12vcpu_62gb/08_annotation/SRR11038083/final.contigs_plasmid.gff3
SRR11038083	contig_100	HJHHLH_0266	1925	2683		HJHHLH_0266	Histidine phosphatase family protein	CDS	bakta	/root/autodl-tmp/abi-real-data/results/metagenomic_plasmid_srr11038083_codex_20260810_12vcpu_62gb/08_annotation/SRR11038083/final.contigs_plasmid.gff3
SRR11038083	contig_100	HJHHLH_0267	2649	2855		HJHHLH_0267	hypothetical protein	CDS	bakta	/root/autodl-tmp/abi-real-data/results/metagenomic_plasmid_srr11038083_codex_20260810_12vcpu_62gb/08_annotation/SRR11038083/final.contigs_plasmid.gff3
SRR11038083	contig_100	cbtA	2904	3674	+	cbtA	Cobalt transporter%2C subunit CbtA	CDS	bakta	/root/autodl-tmp/abi-real-data/results/metagenomic_plasmid_srr11038083_codex_20260810_12vcpu_62gb/08_annotation/SRR11038083/final.contigs_plasmid.gff3
SRR11038083	contig_100	HJHHLH_0269	3895	4281		HJHHLH_0269	DNA-binding protein	CDS	bakta	/root/autodl-tmp/abi-real-data/results/metagenomic_plasmid_srr11038083_codex_20260810_12vcpu_62gb/08_annotation/SRR11038083/final.contigs_plasmid.gff3
SRR11038083	contig_100	HJHHLH_0270	4354	4629		HJHHLH_0270	DUF2442 domain-containing protein	CDS	bakta	/root/autodl-tmp/abi-real-data/results/metagenomic_plasmid_srr11038083_codex_20260810_12vcpu_62gb/08_annotation/SRR11038083/final.contigs_plasmid.gff3
SRR11038083	contig_100	HJHHLH_0271	4610	4852		HJHHLH_0271	DUF4160 domain-containing protein	CDS	bakta	/root/autodl-tmp/abi-real-data/results/metagenomic_plasmid_srr11038083_codex_20260810_12vcpu_62gb/08_annotation/SRR11038083/final.contigs_plasmid.gff3
SRR11038083	contig_100	HJHHLH_0272	4852	5142		HJHHLH_0272	hypothetical protein	CDS	bakta	/root/autodl-tmp/abi-real-data/results/metagenomic_plasmid_srr11038083_codex_20260810_12vcpu_62gb/08_annotation/SRR11038083/final.contigs_plasmid.gff3
SRR11038083	contig_101	contig_101	1	558	+	contig_101	contig_101	region	bakta	/root/autodl-tmp/abi-real-data/results/metagenomic_plasmid_srr11038083_codex_20260810_12vcpu_62gb/08_annotation/SRR11038083/final.contigs_plasmid.gff3
SRR11038083	contig_101	HJHHLH_0273	21	323	+	HJHHLH_0273	hypothetical protein	CDS	bakta	/root/autodl-tmp/abi-real-data/results/metagenomic_plasmid_srr11038083_codex_20260810_12vcpu_62gb/08_annotation/SRR11038083/final.contigs_plasmid.gff3
SRR11038083	contig_102	contig_102	1	1436	+	contig_102	contig_102	region	bakta	/root/autodl-tmp/abi-real-data/results/metagenomic_plasmid_srr11038083_codex_20260810_12vcpu_62gb/08_annotation/SRR11038083/final.contigs_plasmid.gff3
SRR11038083	contig_102	mbpB	90	884	+	mbpB	mobilization protein MbpB	CDS	bakta	/root/autodl-tmp/abi-real-data/results/metagenomic_plasmid_srr11038083_codex_20260810_12vcpu_62gb/08_annotation/SRR11038083/final.contigs_plasmid.gff3
SRR11038083	contig_102	mbpC	841	1293	+	mbpC	mobilization protein MbpC	CDS	bakta	/root/autodl-tmp/abi-real-data/results/metagenomic_plasmid_srr11038083_codex_20260810_12vcpu_62gb/08_annotation/SRR11038083/final.contigs_plasmid.gff3
SRR11038083	contig_103	contig_103	1	351	+	contig_103	contig_103	region	bakta	/root/autodl-tmp/abi-real-data/results/metagenomic_plasmid_srr11038083_codex_20260810_12vcpu_62gb/08_annotation/SRR11038083/final.contigs_plasmid.gff3
SRR11038083	contig_104	contig_104	1	3785	+	contig_104	contig_104	region	bakta	/root/autodl-tmp/abi-real-data/results/metagenomic_plasmid_srr11038083_codex_20260810_12vcpu_62gb/08_annotation/SRR11038083/final.contigs_plasmid.gff3
SRR11038083	contig_104	HJHHLH_0276	783	1979	+	HJHHLH_0276	hypothetical protein	CDS	bakta	/root/autodl-tmp/abi-real-data/results/metagenomic_plasmid_srr11038083_codex_20260810_12vcpu_62gb/08_annotation/SRR11038083/final.contigs_plasmid.gff3
SRR11038083	contig_104	HJHHLH_0277	2052	3386		HJHHLH_0277	hypothetical protein	CDS	bakta	/root/autodl-tmp/abi-real-data/results/metagenomic_plasmid_srr11038083_codex_20260810_12vcpu_62gb/08_annotation/SRR11038083/final.contigs_plasmid.gff3
SRR11038083	contig_105	contig_105	1	2004	+	contig_105	contig_105	region	bakta	/root/autodl-tmp/abi-real-data/results/metagenomic_plasmid_srr11038083_codex_20260810_12vcpu_62gb/08_annotation/SRR11038083/final.contigs_plasmid.gff3
SRR11038083	contig_105	mobV	101	1222	+	mobV	MobV family relaxase	CDS	bakta	/root/autodl-tmp/abi-real-data/results/metagenomic_plasmid_srr11038083_codex_20260810_12vcpu_62gb/08_annotation/SRR11038083/final.contigs_plasmid.gff3
SRR11038083	contig_105	HJHHLH_0279	1289	1507		HJHHLH_0279	hypothetical protein	CDS	bakta	/root/autodl-tmp/abi-real-data/results/metagenomic_plasmid_srr11038083_codex_20260810_12vcpu_62gb/08_annotation/SRR11038083/final.contigs_plasmid.gff3
SRR11038083	contig_105	HJHHLH_0280	1504	1992		HJHHLH_0280	Firmicute plasmid replication protein (RepL)	CDS	bakta	/root/autodl-tmp/abi-real-data/results/metagenomic_plasmid_srr11038083_codex_20260810_12vcpu_62gb/08_annotation/SRR11038083/final.contigs_plasmid.gff3
SRR11038083	contig_106	contig_106	1	2171	+	contig_106	contig_106	region	bakta	/root/autodl-tmp/abi-real-data/results/metagenomic_plasmid_srr11038083_codex_20260810_12vcpu_62gb/08_annotation/SRR11038083/final.contigs_plasmid.gff3
SRR11038083	contig_106	HJHHLH_0281	45	560	+	HJHHLH_0281	hypothetical protein	CDS	bakta	/root/autodl-tmp/abi-real-data/results/metagenomic_plasmid_srr11038083_codex_20260810_12vcpu_62gb/08_annotation/SRR11038083/final.contigs_plasmid.gff3
SRR11038083	contig_107	contig_107	1	1100	+	contig_107	contig_107	region	bakta	/root/autodl-tmp/abi-real-data/results/metagenomic_plasmid_srr11038083_codex_20260810_12vcpu_62gb/08_annotation/SRR11038083/final.contigs_plasmid.gff3
SRR11038083	contig_107	HJHHLH_0282	686	1060		HJHHLH_0282	hypothetical protein	CDS	bakta	/root/autodl-tmp/abi-real-data/results/metagenomic_plasmid_srr11038083_codex_20260810_12vcpu_62gb/08_annotation/SRR11038083/final.contigs_plasmid.gff3
SRR11038083	contig_108	contig_108	1	6599	+	contig_108	contig_108	region	bakta	/root/autodl-tmp/abi-real-data/results/metagenomic_plasmid_srr11038083_codex_20260810_12vcpu_62gb/08_annotation/SRR11038083/final.contigs_plasmid.gff3
SRR11038083	contig_108	HJHHLH_0283	145	807	+	HJHHLH_0283	hypothetical protein	CDS	bakta	/root/autodl-tmp/abi-real-data/results/metagenomic_plasmid_srr11038083_codex_20260810_12vcpu_62gb/08_annotation/SRR11038083/final.contigs_plasmid.gff3
SRR11038083	contig_108	HJHHLH_0284	779	1000	+	HJHHLH_0284	hypothetical protein	CDS	bakta	/root/autodl-tmp/abi-real-data/results/metagenomic_plasmid_srr11038083_codex_20260810_12vcpu_62gb/08_annotation/SRR11038083/final.contigs_plasmid.gff3
SRR11038083	contig_108	HJHHLH_0285	1068	1568	+	HJHHLH_0285	PCRF domain-containing protein	CDS	bakta	/root/autodl-tmp/abi-real-data/results/metagenomic_plasmid_srr11038083_codex_20260810_12vcpu_62gb/08_annotation/SRR11038083/final.contigs_plasmid.gff3
SRR11038083	contig_108	mobB	2239	3138		mobB	MobB	CDS	bakta	/root/autodl-tmp/abi-real-data/results/metagenomic_plasmid_srr11038083_codex_20260810_12vcpu_62gb/08_annotation/SRR11038083/final.contigs_plasmid.gff3
SRR11038083	contig_108	btgA	3135	3737		btgA	Clindamycin resistance transfer factor btgA	CDS	bakta	/root/autodl-tmp/abi-real-data/results/metagenomic_plasmid_srr11038083_codex_20260810_12vcpu_62gb/08_annotation/SRR11038083/final.contigs_plasmid.gff3
SRR11038083	contig_108	HJHHLH_0288	4229	4543	+	HJHHLH_0288	DUF3408 domain-containing protein	CDS	bakta	/root/autodl-tmp/abi-real-data/results/metagenomic_plasmid_srr11038083_codex_20260810_12vcpu_62gb/08_annotation/SRR11038083/final.contigs_plasmid.gff3
SRR11038083	contig_108	HJHHLH_0289	4603	4872		HJHHLH_0289	Txe/YoeB family addiction module toxin	CDS	bakta	/root/autodl-tmp/abi-real-data/results/metagenomic_plasmid_srr11038083_codex_20260810_12vcpu_62gb/08_annotation/SRR11038083/final.contigs_plasmid.gff3
SRR11038083	contig_108	HJHHLH_0290	4865	5131		HJHHLH_0290	Prevent-host-death protein	CDS	bakta	/root/autodl-tmp/abi-real-data/results/metagenomic_plasmid_srr11038083_codex_20260810_12vcpu_62gb/08_annotation/SRR11038083/final.contigs_plasmid.gff3
SRR11038083	contig_108	HJHHLH_0291	5595	6575	+	HJHHLH_0291	Replication initiation protein	CDS	bakta	/root/autodl-tmp/abi-real-data/results/metagenomic_plasmid_srr11038083_codex_20260810_12vcpu_62gb/08_annotation/SRR11038083/final.contigs_plasmid.gff3
SRR11038083	contig_109	contig_109	1	2893	+	contig_109	contig_109	region	bakta	/root/autodl-tmp/abi-real-data/results/metagenomic_plasmid_srr11038083_codex_20260810_12vcpu_62gb/08_annotation/SRR11038083/final.contigs_plasmid.gff3
SRR11038083	contig_109	HJHHLH_0292	153	1070	+	HJHHLH_0292	Mobilization domain protein	CDS	bakta	/root/autodl-tmp/abi-real-data/results/metagenomic_plasmid_srr11038083_codex_20260810_12vcpu_62gb/08_annotation/SRR11038083/final.contigs_plasmid.gff3
SRR11038083	contig_109	repL	1476	2099	+	repL	Plasmid replication protein RepL domain-containing protein	CDS	bakta	/root/autodl-tmp/abi-real-data/results/metagenomic_plasmid_srr11038083_codex_20260810_12vcpu_62gb/08_annotation/SRR11038083/final.contigs_plasmid.gff3
SRR11038083	contig_110	contig_110	1	672	+	contig_110	contig_110	region	bakta	/root/autodl-tmp/abi-real-data/results/metagenomic_plasmid_srr11038083_codex_20260810_12vcpu_62gb/08_annotation/SRR11038083/final.contigs_plasmid.gff3
SRR11038083	contig_111	contig_111	1	1768	+	contig_111	contig_111	region	bakta	/root/autodl-tmp/abi-real-data/results/metagenomic_plasmid_srr11038083_codex_20260810_12vcpu_62gb/08_annotation/SRR11038083/final.contigs_plasmid.gff3
SRR11038083	contig_111	HJHHLH_0294	842	1309	+	HJHHLH_0294	HTH crp-type domain-containing protein	CDS	bakta	/root/autodl-tmp/abi-real-data/results/metagenomic_plasmid_srr11038083_codex_20260810_12vcpu_62gb/08_annotation/SRR11038083/final.contigs_plasmid.gff3
SRR11038083	contig_112	contig_112	1	4238	+	contig_112	contig_112	region	bakta	/root/autodl-tmp/abi-real-data/results/metagenomic_plasmid_srr11038083_codex_20260810_12vcpu_62gb/08_annotation/SRR11038083/final.contigs_plasmid.gff3
SRR11038083	contig_112	HJHHLH_0295	123	1151	+	HJHHLH_0295	hypothetical protein	CDS	bakta	/root/autodl-tmp/abi-real-data/results/metagenomic_plasmid_srr11038083_codex_20260810_12vcpu_62gb/08_annotation/SRR11038083/final.contigs_plasmid.gff3
SRR11038083	contig_112	HJHHLH_0296	1395	1802	+	HJHHLH_0296	hypothetical protein	CDS	bakta	/root/autodl-tmp/abi-real-data/results/metagenomic_plasmid_srr11038083_codex_20260810_12vcpu_62gb/08_annotation/SRR11038083/final.contigs_plasmid.gff3
SRR11038083	contig_112	HJHHLH_0297	1806	1997	+	HJHHLH_0297	hypothetical protein	CDS	bakta	/root/autodl-tmp/abi-real-data/results/metagenomic_plasmid_srr11038083_codex_20260810_12vcpu_62gb/08_annotation/SRR11038083/final.contigs_plasmid.gff3
SRR11038083	contig_112	HJHHLH_0298	2388	3386	+	HJHHLH_0298	hypothetical protein	CDS	bakta	/root/autodl-tmp/abi-real-data/results/metagenomic_plasmid_srr11038083_codex_20260810_12vcpu_62gb/08_annotation/SRR11038083/final.contigs_plasmid.gff3
SRR11038083	contig_112	HJHHLH_0299	3426	3617	+	HJHHLH_0299	hypothetical protein	CDS	bakta	/root/autodl-tmp/abi-real-data/results/metagenomic_plasmid_srr11038083_codex_20260810_12vcpu_62gb/08_annotation/SRR11038083/final.contigs_plasmid.gff3
SRR11038083	contig_113	contig_113	1	1048	+	contig_113	contig_113	region	bakta	/root/autodl-tmp/abi-real-data/results/metagenomic_plasmid_srr11038083_codex_20260810_12vcpu_62gb/08_annotation/SRR11038083/final.contigs_plasmid.gff3
SRR11038083	contig_113	HJHHLH_0300	164	427		HJHHLH_0300	hypothetical protein	CDS	bakta	/root/autodl-tmp/abi-real-data/results/metagenomic_plasmid_srr11038083_codex_20260810_12vcpu_62gb/08_annotation/SRR11038083/final.contigs_plasmid.gff3
SRR11038083	contig_113	HJHHLH_0301	424	915		HJHHLH_0301	hypothetical protein	CDS	bakta	/root/autodl-tmp/abi-real-data/results/metagenomic_plasmid_srr11038083_codex_20260810_12vcpu_62gb/08_annotation/SRR11038083/final.contigs_plasmid.gff3
SRR11038083	contig_114	contig_114	1	455	+	contig_114	contig_114	region	bakta	/root/autodl-tmp/abi-real-data/results/metagenomic_plasmid_srr11038083_codex_20260810_12vcpu_62gb/08_annotation/SRR11038083/final.contigs_plasmid.gff3
SRR11038083	contig_114	HJHHLH_0302	174	455		HJHHLH_0302	hypothetical protein	CDS	bakta	/root/autodl-tmp/abi-real-data/results/metagenomic_plasmid_srr11038083_codex_20260810_12vcpu_62gb/08_annotation/SRR11038083/final.contigs_plasmid.gff3
SRR11038083	contig_115	contig_115	1	528	+	contig_115	contig_115	region	bakta	/root/autodl-tmp/abi-real-data/results/metagenomic_plasmid_srr11038083_codex_20260810_12vcpu_62gb/08_annotation/SRR11038083/final.contigs_plasmid.gff3
SRR11038083	contig_116	contig_116	1	557	+	contig_116	contig_116	region	bakta	/root/autodl-tmp/abi-real-data/results/metagenomic_plasmid_srr11038083_codex_20260810_12vcpu_62gb/08_annotation/SRR11038083/final.contigs_plasmid.gff3
SRR11038083	contig_117	contig_117	1	727	+	contig_117	contig_117	region	bakta	/root/autodl-tmp/abi-real-data/results/metagenomic_plasmid_srr11038083_codex_20260810_12vcpu_62gb/08_annotation/SRR11038083/final.contigs_plasmid.gff3
SRR11038083	contig_118	contig_118	1	773	+	contig_118	contig_118	region	bakta	/root/autodl-tmp/abi-real-data/results/metagenomic_plasmid_srr11038083_codex_20260810_12vcpu_62gb/08_annotation/SRR11038083/final.contigs_plasmid.gff3
SRR11038083	contig_118	HJHHLH_0303	24	497		HJHHLH_0303	HTH crp-type domain-containing protein	CDS	bakta	/root/autodl-tmp/abi-real-data/results/metagenomic_plasmid_srr11038083_codex_20260810_12vcpu_62gb/08_annotation/SRR11038083/final.contigs_plasmid.gff3
SRR11038083	contig_119	contig_119	1	1065	+	contig_119	contig_119	region	bakta	/root/autodl-tmp/abi-real-data/results/metagenomic_plasmid_srr11038083_codex_20260810_12vcpu_62gb/08_annotation/SRR11038083/final.contigs_plasmid.gff3
SRR11038083	contig_119	HJHHLH_0304	21	617	+	HJHHLH_0304	hypothetical protein	CDS	bakta	/root/autodl-tmp/abi-real-data/results/metagenomic_plasmid_srr11038083_codex_20260810_12vcpu_62gb/08_annotation/SRR11038083/final.contigs_plasmid.gff3
SRR11038083	contig_120	contig_120	1	498	+	contig_120	contig_120	region	bakta	/root/autodl-tmp/abi-real-data/results/metagenomic_plasmid_srr11038083_codex_20260810_12vcpu_62gb/08_annotation/SRR11038083/final.contigs_plasmid.gff3
SRR11038083	contig_120	HJHHLH_0305	128	460		HJHHLH_0305	hypothetical protein	CDS	bakta	/root/autodl-tmp/abi-real-data/results/metagenomic_plasmid_srr11038083_codex_20260810_12vcpu_62gb/08_annotation/SRR11038083/final.contigs_plasmid.gff3
SRR11038083	contig_121	contig_121	1	1912	+	contig_121	contig_121	region	bakta	/root/autodl-tmp/abi-real-data/results/metagenomic_plasmid_srr11038083_codex_20260810_12vcpu_62gb/08_annotation/SRR11038083/final.contigs_plasmid.gff3
SRR11038083	contig_121	HJHHLH_0306	316	1353	+	HJHHLH_0306	hypothetical protein	CDS	bakta	/root/autodl-tmp/abi-real-data/results/metagenomic_plasmid_srr11038083_codex_20260810_12vcpu_62gb/08_annotation/SRR11038083/final.contigs_plasmid.gff3
SRR11038083	contig_122	contig_122	1	708	+	contig_122	contig_122	region	bakta	/root/autodl-tmp/abi-real-data/results/metagenomic_plasmid_srr11038083_codex_20260810_12vcpu_62gb/08_annotation/SRR11038083/final.contigs_plasmid.gff3
SRR11038083	contig_123	contig_123	1	482	+	contig_123	contig_123	region	bakta	/root/autodl-tmp/abi-real-data/results/metagenomic_plasmid_srr11038083_codex_20260810_12vcpu_62gb/08_annotation/SRR11038083/final.contigs_plasmid.gff3
SRR11038083	contig_124	contig_124	1	690	+	contig_124	contig_124	region	bakta	/root/autodl-tmp/abi-real-data/results/metagenomic_plasmid_srr11038083_codex_20260810_12vcpu_62gb/08_annotation/SRR11038083/final.contigs_plasmid.gff3
SRR11038083	contig_124	HJHHLH_0307	94	525		HJHHLH_0307	hypothetical protein	CDS	bakta	/root/autodl-tmp/abi-real-data/results/metagenomic_plasmid_srr11038083_codex_20260810_12vcpu_62gb/08_annotation/SRR11038083/final.contigs_plasmid.gff3
SRR11038083	contig_125	contig_125	1	1090	+	contig_125	contig_125	region	bakta	/root/autodl-tmp/abi-real-data/results/metagenomic_plasmid_srr11038083_codex_20260810_12vcpu_62gb/08_annotation/SRR11038083/final.contigs_plasmid.gff3
SRR11038083	contig_125	HJHHLH_0308	125	1000		HJHHLH_0308	hypothetical protein	CDS	bakta	/root/autodl-tmp/abi-real-data/results/metagenomic_plasmid_srr11038083_codex_20260810_12vcpu_62gb/08_annotation/SRR11038083/final.contigs_plasmid.gff3
SRR11038083	contig_126	contig_126	1	1040	+	contig_126	contig_126	region	bakta	/root/autodl-tmp/abi-real-data/results/metagenomic_plasmid_srr11038083_codex_20260810_12vcpu_62gb/08_annotation/SRR11038083/final.contigs_plasmid.gff3
SRR11038083	contig_126	HJHHLH_0309	81	386	+	HJHHLH_0309	hypothetical protein	CDS	bakta	/root/autodl-tmp/abi-real-data/results/metagenomic_plasmid_srr11038083_codex_20260810_12vcpu_62gb/08_annotation/SRR11038083/final.contigs_plasmid.gff3
SRR11038083	contig_126	HJHHLH_0310	402	641	+	HJHHLH_0310	Complexin-2	CDS	bakta	/root/autodl-tmp/abi-real-data/results/metagenomic_plasmid_srr11038083_codex_20260810_12vcpu_62gb/08_annotation/SRR11038083/final.contigs_plasmid.gff3
SRR11038083	contig_126	HJHHLH_0311	740	1033		HJHHLH_0311	hypothetical protein	CDS	bakta	/root/autodl-tmp/abi-real-data/results/metagenomic_plasmid_srr11038083_codex_20260810_12vcpu_62gb/08_annotation/SRR11038083/final.contigs_plasmid.gff3
SRR11038083	contig_127	contig_127	1	3994	+	contig_127	contig_127	region	bakta	/root/autodl-tmp/abi-real-data/results/metagenomic_plasmid_srr11038083_codex_20260810_12vcpu_62gb/08_annotation/SRR11038083/final.contigs_plasmid.gff3
SRR11038083	contig_127	HJHHLH_0312	316	1227	+	HJHHLH_0312	hypothetical protein	CDS	bakta	/root/autodl-tmp/abi-real-data/results/metagenomic_plasmid_srr11038083_codex_20260810_12vcpu_62gb/08_annotation/SRR11038083/final.contigs_plasmid.gff3
SRR11038083	contig_127	HJHHLH_0313	1402	1629	+	HJHHLH_0313	hypothetical protein	CDS	bakta	/root/autodl-tmp/abi-real-data/results/metagenomic_plasmid_srr11038083_codex_20260810_12vcpu_62gb/08_annotation/SRR11038083/final.contigs_plasmid.gff3
SRR11038083	contig_127	HJHHLH_0314	1969	3723	+	HJHHLH_0314	hypothetical protein	CDS	bakta	/root/autodl-tmp/abi-real-data/results/metagenomic_plasmid_srr11038083_codex_20260810_12vcpu_62gb/08_annotation/SRR11038083/final.contigs_plasmid.gff3
SRR11038083	contig_128	contig_128	1	552	+	contig_128	contig_128	region	bakta	/root/autodl-tmp/abi-real-data/results/metagenomic_plasmid_srr11038083_codex_20260810_12vcpu_62gb/08_annotation/SRR11038083/final.contigs_plasmid.gff3
SRR11038083	contig_129	contig_129	1	527	+	contig_129	contig_129	region	bakta	/root/autodl-tmp/abi-real-data/results/metagenomic_plasmid_srr11038083_codex_20260810_12vcpu_62gb/08_annotation/SRR11038083/final.contigs_plasmid.gff3
SRR11038083	contig_130	contig_130	1	2242	+	contig_130	contig_130	region	bakta	/root/autodl-tmp/abi-real-data/results/metagenomic_plasmid_srr11038083_codex_20260810_12vcpu_62gb/08_annotation/SRR11038083/final.contigs_plasmid.gff3
SRR11038083	contig_130	HJHHLH_0315	1086	2051	+	HJHHLH_0315	Replication protein	CDS	bakta	/root/autodl-tmp/abi-real-data/results/metagenomic_plasmid_srr11038083_codex_20260810_12vcpu_62gb/08_annotation/SRR11038083/final.contigs_plasmid.gff3
SRR11038083	contig_131	contig_131	1	5285	+	contig_131	contig_131	region	bakta	/root/autodl-tmp/abi-real-data/results/metagenomic_plasmid_srr11038083_codex_20260810_12vcpu_62gb/08_annotation/SRR11038083/final.contigs_plasmid.gff3
SRR11038083	contig_131	HJHHLH_0316	30	956	+	HJHHLH_0316	Rep protein	CDS	bakta	/root/autodl-tmp/abi-real-data/results/metagenomic_plasmid_srr11038083_codex_20260810_12vcpu_62gb/08_annotation/SRR11038083/final.contigs_plasmid.gff3
SRR11038083	contig_131	traD	1151	1549		traD	Conjugal transfer protein TraD	CDS	bakta	/root/autodl-tmp/abi-real-data/results/metagenomic_plasmid_srr11038083_codex_20260810_12vcpu_62gb/08_annotation/SRR11038083/final.contigs_plasmid.gff3
SRR11038083	contig_131	HJHHLH_0318	1725	2651	+	HJHHLH_0318	MobA/MobL protein domain-containing protein	CDS	bakta	/root/autodl-tmp/abi-real-data/results/metagenomic_plasmid_srr11038083_codex_20260810_12vcpu_62gb/08_annotation/SRR11038083/final.contigs_plasmid.gff3
SRR11038083	contig_131	HJHHLH_0319	2654	3187	+	HJHHLH_0319	Mobilization protein	CDS	bakta	/root/autodl-tmp/abi-real-data/results/metagenomic_plasmid_srr11038083_codex_20260810_12vcpu_62gb/08_annotation/SRR11038083/final.contigs_plasmid.gff3
SRR11038083	contig_131	HJHHLH_0320	3241	3462		HJHHLH_0320	Cytoplasmic protein	CDS	bakta	/root/autodl-tmp/abi-real-data/results/metagenomic_plasmid_srr11038083_codex_20260810_12vcpu_62gb/08_annotation/SRR11038083/final.contigs_plasmid.gff3
SRR11038083	contig_132	contig_132	1	1015	+	contig_132	contig_132	region	bakta	/root/autodl-tmp/abi-real-data/results/metagenomic_plasmid_srr11038083_codex_20260810_12vcpu_62gb/08_annotation/SRR11038083/final.contigs_plasmid.gff3
SRR11038083	contig_132	HJHHLH_0321	488	1012	+	HJHHLH_0321	hypothetical protein	CDS	bakta	/root/autodl-tmp/abi-real-data/results/metagenomic_plasmid_srr11038083_codex_20260810_12vcpu_62gb/08_annotation/SRR11038083/final.contigs_plasmid.gff3
SRR11038083	contig_133	contig_133	1	1576	+	contig_133	contig_133	region	bakta	/root/autodl-tmp/abi-real-data/results/metagenomic_plasmid_srr11038083_codex_20260810_12vcpu_62gb/08_annotation/SRR11038083/final.contigs_plasmid.gff3
SRR11038083	contig_133	HJHHLH_0322	10	555	+	HJHHLH_0322	hypothetical protein	CDS	bakta	/root/autodl-tmp/abi-real-data/results/metagenomic_plasmid_srr11038083_codex_20260810_12vcpu_62gb/08_annotation/SRR11038083/final.contigs_plasmid.gff3
SRR11038083	contig_134	contig_134	1	1924	+	contig_134	contig_134	region	bakta	/root/autodl-tmp/abi-real-data/results/metagenomic_plasmid_srr11038083_codex_20260810_12vcpu_62gb/08_annotation/SRR11038083/final.contigs_plasmid.gff3
SRR11038083	contig_134	HJHHLH_0323	516	1466	+	HJHHLH_0323	hypothetical protein	CDS	bakta	/root/autodl-tmp/abi-real-data/results/metagenomic_plasmid_srr11038083_codex_20260810_12vcpu_62gb/08_annotation/SRR11038083/final.contigs_plasmid.gff3
SRR11038083	contig_135	contig_135	1	609	+	contig_135	contig_135	region	bakta	/root/autodl-tmp/abi-real-data/results/metagenomic_plasmid_srr11038083_codex_20260810_12vcpu_62gb/08_annotation/SRR11038083/final.contigs_plasmid.gff3
SRR11038083	contig_136	contig_136	1	437	+	contig_136	contig_136	region	bakta	/root/autodl-tmp/abi-real-data/results/metagenomic_plasmid_srr11038083_codex_20260810_12vcpu_62gb/08_annotation/SRR11038083/final.contigs_plasmid.gff3
SRR11038083	contig_137	contig_137	1	708	+	contig_137	contig_137	region	bakta	/root/autodl-tmp/abi-real-data/results/metagenomic_plasmid_srr11038083_codex_20260810_12vcpu_62gb/08_annotation/SRR11038083/final.contigs_plasmid.gff3
SRR11038083	contig_137	HJHHLH_0324	397	612		HJHHLH_0324	hypothetical protein	CDS	bakta	/root/autodl-tmp/abi-real-data/results/metagenomic_plasmid_srr11038083_codex_20260810_12vcpu_62gb/08_annotation/SRR11038083/final.contigs_plasmid.gff3
SRR11038083	contig_138	contig_138	1	3559	+	contig_138	contig_138	region	bakta	/root/autodl-tmp/abi-real-data/results/metagenomic_plasmid_srr11038083_codex_20260810_12vcpu_62gb/08_annotation/SRR11038083/final.contigs_plasmid.gff3
SRR11038083	contig_138	HJHHLH_0325	750	2105	+	HJHHLH_0325	Uncultured bacterium plasmid pRGI00604	CDS	bakta	/root/autodl-tmp/abi-real-data/results/metagenomic_plasmid_srr11038083_codex_20260810_12vcpu_62gb/08_annotation/SRR11038083/final.contigs_plasmid.gff3
SRR11038083	contig_138	HJHHLH_0326	2154	3266		HJHHLH_0326	Uncultured bacterium plasmid pRGI00604	CDS	bakta	/root/autodl-tmp/abi-real-data/results/metagenomic_plasmid_srr11038083_codex_20260810_12vcpu_62gb/08_annotation/SRR11038083/final.contigs_plasmid.gff3
SRR11038083	contig_139	contig_139	1	1826	+	contig_139	contig_139	region	bakta	/root/autodl-tmp/abi-real-data/results/metagenomic_plasmid_srr11038083_codex_20260810_12vcpu_62gb/08_annotation/SRR11038083/final.contigs_plasmid.gff3
SRR11038083	contig_139	HJHHLH_0327	359	832	+	HJHHLH_0327	HTH crp-type domain-containing protein	CDS	bakta	/root/autodl-tmp/abi-real-data/results/metagenomic_plasmid_srr11038083_codex_20260810_12vcpu_62gb/08_annotation/SRR11038083/final.contigs_plasmid.gff3
SRR11038083	contig_140	contig_140	1	5314	+	contig_140	contig_140	region	bakta	/root/autodl-tmp/abi-real-data/results/metagenomic_plasmid_srr11038083_codex_20260810_12vcpu_62gb/08_annotation/SRR11038083/final.contigs_plasmid.gff3
SRR11038083	contig_140	HJHHLH_0328	127	1083	+	HJHHLH_0328	hypothetical protein	CDS	bakta	/root/autodl-tmp/abi-real-data/results/metagenomic_plasmid_srr11038083_codex_20260810_12vcpu_62gb/08_annotation/SRR11038083/final.contigs_plasmid.gff3
SRR11038083	contig_140	HJHHLH_0329	1294	1611	+	HJHHLH_0329	hypothetical protein	CDS	bakta	/root/autodl-tmp/abi-real-data/results/metagenomic_plasmid_srr11038083_codex_20260810_12vcpu_62gb/08_annotation/SRR11038083/final.contigs_plasmid.gff3
SRR11038083	contig_140	HJHHLH_0330	1911	2378	+	HJHHLH_0330	hypothetical protein	CDS	bakta	/root/autodl-tmp/abi-real-data/results/metagenomic_plasmid_srr11038083_codex_20260810_12vcpu_62gb/08_annotation/SRR11038083/final.contigs_plasmid.gff3
SRR11038083	contig_140	HJHHLH_0331	2351	3121	+	HJHHLH_0331	DUF1828 domain-containing protein	CDS	bakta	/root/autodl-tmp/abi-real-data/results/metagenomic_plasmid_srr11038083_codex_20260810_12vcpu_62gb/08_annotation/SRR11038083/final.contigs_plasmid.gff3
SRR11038083	contig_140	HJHHLH_0332	3296	3526	+	HJHHLH_0332	hypothetical protein	CDS	bakta	/root/autodl-tmp/abi-real-data/results/metagenomic_plasmid_srr11038083_codex_20260810_12vcpu_62gb/08_annotation/SRR11038083/final.contigs_plasmid.gff3
SRR11038083	contig_140	HJHHLH_0333	3705	3863		HJHHLH_0333	hypothetical protein	CDS	bakta	/root/autodl-tmp/abi-real-data/results/metagenomic_plasmid_srr11038083_codex_20260810_12vcpu_62gb/08_annotation/SRR11038083/final.contigs_plasmid.gff3
SRR11038083	contig_140	brnT	3966	4214	+	brnT	BrnT family toxin	CDS	bakta	/root/autodl-tmp/abi-real-data/results/metagenomic_plasmid_srr11038083_codex_20260810_12vcpu_62gb/08_annotation/SRR11038083/final.contigs_plasmid.gff3
SRR11038083	contig_140	brnA	4211	4501	+	brnA	BrnA antitoxin family protein	CDS	bakta	/root/autodl-tmp/abi-real-data/results/metagenomic_plasmid_srr11038083_codex_20260810_12vcpu_62gb/08_annotation/SRR11038083/final.contigs_plasmid.gff3
SRR11038083	contig_141	contig_141	1	519	+	contig_141	contig_141	region	bakta	/root/autodl-tmp/abi-real-data/results/metagenomic_plasmid_srr11038083_codex_20260810_12vcpu_62gb/08_annotation/SRR11038083/final.contigs_plasmid.gff3
SRR11038083	contig_142	contig_142	1	2211	+	contig_142	contig_142	region	bakta	/root/autodl-tmp/abi-real-data/results/metagenomic_plasmid_srr11038083_codex_20260810_12vcpu_62gb/08_annotation/SRR11038083/final.contigs_plasmid.gff3
SRR11038083	contig_142	HJHHLH_0336	52	411	+	HJHHLH_0336	hypothetical protein	CDS	bakta	/root/autodl-tmp/abi-real-data/results/metagenomic_plasmid_srr11038083_codex_20260810_12vcpu_62gb/08_annotation/SRR11038083/final.contigs_plasmid.gff3
SRR11038083	contig_142	HJHHLH_0337	654	1409	+	HJHHLH_0337	hypothetical protein	CDS	bakta	/root/autodl-tmp/abi-real-data/results/metagenomic_plasmid_srr11038083_codex_20260810_12vcpu_62gb/08_annotation/SRR11038083/final.contigs_plasmid.gff3
SRR11038083	contig_143	contig_143	1	736	+	contig_143	contig_143	region	bakta	/root/autodl-tmp/abi-real-data/results/metagenomic_plasmid_srr11038083_codex_20260810_12vcpu_62gb/08_annotation/SRR11038083/final.contigs_plasmid.gff3
SRR11038083	contig_143	HJHHLH_0338	66	695		HJHHLH_0338	hypothetical protein	CDS	bakta	/root/autodl-tmp/abi-real-data/results/metagenomic_plasmid_srr11038083_codex_20260810_12vcpu_62gb/08_annotation/SRR11038083/final.contigs_plasmid.gff3
SRR11038083	contig_144	contig_144	1	4672	+	contig_144	contig_144	region	bakta	/root/autodl-tmp/abi-real-data/results/metagenomic_plasmid_srr11038083_codex_20260810_12vcpu_62gb/08_annotation/SRR11038083/final.contigs_plasmid.gff3
SRR11038083	contig_144	HJHHLH_0339	244	477		HJHHLH_0339	Na+-transporting methylmalonyl-CoA/oxaloacetate decarboxylase%2C beta subunit	CDS	bakta	/root/autodl-tmp/abi-real-data/results/metagenomic_plasmid_srr11038083_codex_20260810_12vcpu_62gb/08_annotation/SRR11038083/final.contigs_plasmid.gff3
SRR11038083	contig_144	HJHHLH_0340	777	1886		HJHHLH_0340	MobA/VirD2-like nuclease domain-containing protein	CDS	bakta	/root/autodl-tmp/abi-real-data/results/metagenomic_plasmid_srr11038083_codex_20260810_12vcpu_62gb/08_annotation/SRR11038083/final.contigs_plasmid.gff3
SRR11038083	contig_144	mobC	1847	2167		mobC	Plasmid mobilization relaxosome protein MobC	CDS	bakta	/root/autodl-tmp/abi-real-data/results/metagenomic_plasmid_srr11038083_codex_20260810_12vcpu_62gb/08_annotation/SRR11038083/final.contigs_plasmid.gff3
SRR11038083	contig_144	HJHHLH_0342	2172	2333		HJHHLH_0342	hypothetical protein	CDS	bakta	/root/autodl-tmp/abi-real-data/results/metagenomic_plasmid_srr11038083_codex_20260810_12vcpu_62gb/08_annotation/SRR11038083/final.contigs_plasmid.gff3
SRR11038083	contig_144	HJHHLH_0343	2643	2963		HJHHLH_0343	hypothetical protein	CDS	bakta	/root/autodl-tmp/abi-real-data/results/metagenomic_plasmid_srr11038083_codex_20260810_12vcpu_62gb/08_annotation/SRR11038083/final.contigs_plasmid.gff3
SRR11038083	contig_144	HJHHLH_0344	2960	3154		HJHHLH_0344	hypothetical protein	CDS	bakta	/root/autodl-tmp/abi-real-data/results/metagenomic_plasmid_srr11038083_codex_20260810_12vcpu_62gb/08_annotation/SRR11038083/final.contigs_plasmid.gff3
SRR11038083	contig_144	HJHHLH_0345	3189	4544		HJHHLH_0345	Replication protein	CDS	bakta	/root/autodl-tmp/abi-real-data/results/metagenomic_plasmid_srr11038083_codex_20260810_12vcpu_62gb/08_annotation/SRR11038083/final.contigs_plasmid.gff3
SRR11038083	contig_145	contig_145	1	2331	+	contig_145	contig_145	region	bakta	/root/autodl-tmp/abi-real-data/results/metagenomic_plasmid_srr11038083_codex_20260810_12vcpu_62gb/08_annotation/SRR11038083/final.contigs_plasmid.gff3
SRR11038083	contig_145	HJHHLH_0346	346	579		HJHHLH_0346	Na+-transporting methylmalonyl-CoA/oxaloacetate decarboxylase%2C beta subunit	CDS	bakta	/root/autodl-tmp/abi-real-data/results/metagenomic_plasmid_srr11038083_codex_20260810_12vcpu_62gb/08_annotation/SRR11038083/final.contigs_plasmid.gff3
SRR11038083	contig_145	HJHHLH_0347	583	786		HJHHLH_0347	hypothetical protein	CDS	bakta	/root/autodl-tmp/abi-real-data/results/metagenomic_plasmid_srr11038083_codex_20260810_12vcpu_62gb/08_annotation/SRR11038083/final.contigs_plasmid.gff3
SRR11038083	contig_145	HJHHLH_0348	854	2203		HJHHLH_0348	Replication protein	CDS	bakta	/root/autodl-tmp/abi-real-data/results/metagenomic_plasmid_srr11038083_codex_20260810_12vcpu_62gb/08_annotation/SRR11038083/final.contigs_plasmid.gff3
SRR11038083	contig_146	contig_146	1	6331	+	contig_146	contig_146	region	bakta	/root/autodl-tmp/abi-real-data/results/metagenomic_plasmid_srr11038083_codex_20260810_12vcpu_62gb/08_annotation/SRR11038083/final.contigs_plasmid.gff3
SRR11038083	contig_146	HJHHLH_0349	434	1918		HJHHLH_0349	Replication protein	CDS	bakta	/root/autodl-tmp/abi-real-data/results/metagenomic_plasmid_srr11038083_codex_20260810_12vcpu_62gb/08_annotation/SRR11038083/final.contigs_plasmid.gff3
SRR11038083	contig_146	HJHHLH_0350	1915	2316		HJHHLH_0350	hypothetical protein	CDS	bakta	/root/autodl-tmp/abi-real-data/results/metagenomic_plasmid_srr11038083_codex_20260810_12vcpu_62gb/08_annotation/SRR11038083/final.contigs_plasmid.gff3
SRR11038083	contig_146	HJHHLH_0351	2661	3938		HJHHLH_0351	Plasmid recombination enzyme	CDS	bakta	/root/autodl-tmp/abi-real-data/results/metagenomic_plasmid_srr11038083_codex_20260810_12vcpu_62gb/08_annotation/SRR11038083/final.contigs_plasmid.gff3
SRR11038083	contig_146	HJHHLH_0352	4181	5038		HJHHLH_0352	hypothetical protein	CDS	bakta	/root/autodl-tmp/abi-real-data/results/metagenomic_plasmid_srr11038083_codex_20260810_12vcpu_62gb/08_annotation/SRR11038083/final.contigs_plasmid.gff3
SRR11038083	contig_146	HJHHLH_0353	5052	5597		HJHHLH_0353	hypothetical protein	CDS	bakta	/root/autodl-tmp/abi-real-data/results/metagenomic_plasmid_srr11038083_codex_20260810_12vcpu_62gb/08_annotation/SRR11038083/final.contigs_plasmid.gff3
SRR11038083	contig_146	HJHHLH_0354	5594	5824		HJHHLH_0354	type II toxin-antitoxin system RelB/DinJ family antitoxin	CDS	bakta	/root/autodl-tmp/abi-real-data/results/metagenomic_plasmid_srr11038083_codex_20260810_12vcpu_62gb/08_annotation/SRR11038083/final.contigs_plasmid.gff3
SRR11038083	contig_146	HJHHLH_0355	5830	6102		HJHHLH_0355	Type II toxin-antitoxin system RelE/ParE family toxin	CDS	bakta	/root/autodl-tmp/abi-real-data/results/metagenomic_plasmid_srr11038083_codex_20260810_12vcpu_62gb/08_annotation/SRR11038083/final.contigs_plasmid.gff3
SRR11038083	contig_146	HJHHLH_0356	6134	6301		HJHHLH_0356	Prevent-host-death family protein	CDS	bakta	/root/autodl-tmp/abi-real-data/results/metagenomic_plasmid_srr11038083_codex_20260810_12vcpu_62gb/08_annotation/SRR11038083/final.contigs_plasmid.gff3
SRR11038083	contig_147	contig_147	1	5230	+	contig_147	contig_147	region	bakta	/root/autodl-tmp/abi-real-data/results/metagenomic_plasmid_srr11038083_codex_20260810_12vcpu_62gb/08_annotation/SRR11038083/final.contigs_plasmid.gff3
SRR11038083	contig_147	HJHHLH_0357	530	871	+	HJHHLH_0357	hypothetical protein	CDS	bakta	/root/autodl-tmp/abi-real-data/results/metagenomic_plasmid_srr11038083_codex_20260810_12vcpu_62gb/08_annotation/SRR11038083/final.contigs_plasmid.gff3
SRR11038083	contig_147	HJHHLH_0358	722	1033		HJHHLH_0358	Uncultured bacterium extrachromosomal DNA RGF00026	CDS	bakta	/root/autodl-tmp/abi-real-data/results/metagenomic_plasmid_srr11038083_codex_20260810_12vcpu_62gb/08_annotation/SRR11038083/final.contigs_plasmid.gff3
SRR11038083	contig_147	HJHHLH_0359	1422	1706	+	HJHHLH_0359	Uncultured bacterium extrachromosomal DNA RGF00026	CDS	bakta	/root/autodl-tmp/abi-real-data/results/metagenomic_plasmid_srr11038083_codex_20260810_12vcpu_62gb/08_annotation/SRR11038083/final.contigs_plasmid.gff3
SRR11038083	contig_147	HJHHLH_0360	1687	1995	+	HJHHLH_0360	Uncultured bacterium extrachromosomal DNA RGF00026	CDS	bakta	/root/autodl-tmp/abi-real-data/results/metagenomic_plasmid_srr11038083_codex_20260810_12vcpu_62gb/08_annotation/SRR11038083/final.contigs_plasmid.gff3
SRR11038083	contig_147	HJHHLH_0361	2476	3858		HJHHLH_0361	Uncultured bacterium extrachromosomal DNA RGF00026	CDS	bakta	/root/autodl-tmp/abi-real-data/results/metagenomic_plasmid_srr11038083_codex_20260810_12vcpu_62gb/08_annotation/SRR11038083/final.contigs_plasmid.gff3
SRR11038083	contig_147	HJHHLH_0362	3852	4343		HJHHLH_0362	Uncultured bacterium extrachromosomal DNA RGF00026	CDS	bakta	/root/autodl-tmp/abi-real-data/results/metagenomic_plasmid_srr11038083_codex_20260810_12vcpu_62gb/08_annotation/SRR11038083/final.contigs_plasmid.gff3
SRR11038083	contig_147	HJHHLH_0363	4361	5002		HJHHLH_0363	hypothetical protein	CDS	bakta	/root/autodl-tmp/abi-real-data/results/metagenomic_plasmid_srr11038083_codex_20260810_12vcpu_62gb/08_annotation/SRR11038083/final.contigs_plasmid.gff3
SRR11038083	contig_148	contig_148	1	5772	+	contig_148	contig_148	region	bakta	/root/autodl-tmp/abi-real-data/results/metagenomic_plasmid_srr11038083_codex_20260810_12vcpu_62gb/08_annotation/SRR11038083/final.contigs_plasmid.gff3
SRR11038083	contig_148	HJHHLH_0364	171	1223		HJHHLH_0364	DUF3626 domain-containing protein	CDS	bakta	/root/autodl-tmp/abi-real-data/results/metagenomic_plasmid_srr11038083_codex_20260810_12vcpu_62gb/08_annotation/SRR11038083/final.contigs_plasmid.gff3
SRR11038083	contig_148	HJHHLH_0365	1511	1618		HJHHLH_0365	hypothetical protein	CDS	bakta	/root/autodl-tmp/abi-real-data/results/metagenomic_plasmid_srr11038083_codex_20260810_12vcpu_62gb/08_annotation/SRR11038083/final.contigs_plasmid.gff3
SRR11038083	contig_148	mbeA	1596	3161		mbeA	plasmid mobilization relaxase MbeA	CDS	bakta	/root/autodl-tmp/abi-real-data/results/metagenomic_plasmid_srr11038083_codex_20260810_12vcpu_62gb/08_annotation/SRR11038083/final.contigs_plasmid.gff3
SRR11038083	contig_148	HJHHLH_0367	3151	3507		HJHHLH_0367	Mobilization protein	CDS	bakta	/root/autodl-tmp/abi-real-data/results/metagenomic_plasmid_srr11038083_codex_20260810_12vcpu_62gb/08_annotation/SRR11038083/final.contigs_plasmid.gff3
SRR11038083	contig_148	HJHHLH_0368	3539	3730	+	HJHHLH_0368	RNAI modulator protein Rop	CDS	bakta	/root/autodl-tmp/abi-real-data/results/metagenomic_plasmid_srr11038083_codex_20260810_12vcpu_62gb/08_annotation/SRR11038083/final.contigs_plasmid.gff3
SRR11038083	contig_148	HJHHLH_0369	3753	3998		HJHHLH_0369	6-9 kd ORF	CDS	bakta	/root/autodl-tmp/abi-real-data/results/metagenomic_plasmid_srr11038083_codex_20260810_12vcpu_62gb/08_annotation/SRR11038083/final.contigs_plasmid.gff3
SRR11038083	contig_148	HJHHLHJKEC_437	3824	3906	?	HJHHLHJKEC_437	origin of transfer	oriT	bakta	/root/autodl-tmp/abi-real-data/results/metagenomic_plasmid_srr11038083_codex_20260810_12vcpu_62gb/08_annotation/SRR11038083/final.contigs_plasmid.gff3
SRR11038083	contig_148	RNAI	4624	4724	+	RNAI	RNAI	ncRNA	bakta	/root/autodl-tmp/abi-real-data/results/metagenomic_plasmid_srr11038083_codex_20260810_12vcpu_62gb/08_annotation/SRR11038083/final.contigs_plasmid.gff3
SRR11038083	contig_148	eamA	4934	5740		eamA	EamA domain-containing protein	CDS	bakta	/root/autodl-tmp/abi-real-data/results/metagenomic_plasmid_srr11038083_codex_20260810_12vcpu_62gb/08_annotation/SRR11038083/final.contigs_plasmid.gff3
SRR11038083	contig_149	contig_149	1	3314	+	contig_149	contig_149	region	bakta	/root/autodl-tmp/abi-real-data/results/metagenomic_plasmid_srr11038083_codex_20260810_12vcpu_62gb/08_annotation/SRR11038083/final.contigs_plasmid.gff3
SRR11038083	contig_149	HJHHLH_0372	244	423	+	HJHHLH_0372	hypothetical protein	CDS	bakta	/root/autodl-tmp/abi-real-data/results/metagenomic_plasmid_srr11038083_codex_20260810_12vcpu_62gb/08_annotation/SRR11038083/final.contigs_plasmid.gff3
SRR11038083	contig_149	HJHHLH_0373	761	2041	+	HJHHLH_0373	hypothetical protein	CDS	bakta	/root/autodl-tmp/abi-real-data/results/metagenomic_plasmid_srr11038083_codex_20260810_12vcpu_62gb/08_annotation/SRR11038083/final.contigs_plasmid.gff3
SRR11038083	contig_149	HJHHLH_0374	2141	2293		HJHHLH_0374	hypothetical protein	CDS	bakta	/root/autodl-tmp/abi-real-data/results/metagenomic_plasmid_srr11038083_codex_20260810_12vcpu_62gb/08_annotation/SRR11038083/final.contigs_plasmid.gff3
SRR11038083	contig_149	HJHHLH_0375	2298	2912		HJHHLH_0375	hypothetical protein	CDS	bakta	/root/autodl-tmp/abi-real-data/results/metagenomic_plasmid_srr11038083_codex_20260810_12vcpu_62gb/08_annotation/SRR11038083/final.contigs_plasmid.gff3
SRR11038083	contig_150	contig_150	1	2228	+	contig_150	contig_150	region	bakta	/root/autodl-tmp/abi-real-data/results/metagenomic_plasmid_srr11038083_codex_20260810_12vcpu_62gb/08_annotation/SRR11038083/final.contigs_plasmid.gff3
SRR11038083	contig_150	HJHHLH_0376	129	347		HJHHLH_0376	hypothetical protein	CDS	bakta	/root/autodl-tmp/abi-real-data/results/metagenomic_plasmid_srr11038083_codex_20260810_12vcpu_62gb/08_annotation/SRR11038083/final.contigs_plasmid.gff3
SRR11038083	contig_150	HJHHLH_0377	552	1118		HJHHLH_0377	hypothetical protein	CDS	bakta	/root/autodl-tmp/abi-real-data/results/metagenomic_plasmid_srr11038083_codex_20260810_12vcpu_62gb/08_annotation/SRR11038083/final.contigs_plasmid.gff3
SRR11038083	contig_150	HJHHLH_0378	1072	2004		HJHHLH_0378	hypothetical protein	CDS	bakta	/root/autodl-tmp/abi-real-data/results/metagenomic_plasmid_srr11038083_codex_20260810_12vcpu_62gb/08_annotation/SRR11038083/final.contigs_plasmid.gff3
SRR11038083	contig_151	contig_151	1	4336	+	contig_151	contig_151	region	bakta	/root/autodl-tmp/abi-real-data/results/metagenomic_plasmid_srr11038083_codex_20260810_12vcpu_62gb/08_annotation/SRR11038083/final.contigs_plasmid.gff3
SRR11038083	contig_151	HJHHLH_0379	71	295		HJHHLH_0379	hypothetical protein	CDS	bakta	/root/autodl-tmp/abi-real-data/results/metagenomic_plasmid_srr11038083_codex_20260810_12vcpu_62gb/08_annotation/SRR11038083/final.contigs_plasmid.gff3
SRR11038083	contig_151	HJHHLH_0380	375	1340		HJHHLH_0380	Replication protein	CDS	bakta	/root/autodl-tmp/abi-real-data/results/metagenomic_plasmid_srr11038083_codex_20260810_12vcpu_62gb/08_annotation/SRR11038083/final.contigs_plasmid.gff3
SRR11038083	contig_151	HJHHLH_0381	2485	2688	+	HJHHLH_0381	hypothetical protein	CDS	bakta	/root/autodl-tmp/abi-real-data/results/metagenomic_plasmid_srr11038083_codex_20260810_12vcpu_62gb/08_annotation/SRR11038083/final.contigs_plasmid.gff3
SRR11038083	contig_151	HJHHLH_0382	2656	2850		HJHHLH_0382	hypothetical protein	CDS	bakta	/root/autodl-tmp/abi-real-data/results/metagenomic_plasmid_srr11038083_codex_20260810_12vcpu_62gb/08_annotation/SRR11038083/final.contigs_plasmid.gff3
SRR11038083	contig_151	HJHHLH_0383	2850	3926		HJHHLH_0383	Type IV secretion system protein	CDS	bakta	/root/autodl-tmp/abi-real-data/results/metagenomic_plasmid_srr11038083_codex_20260810_12vcpu_62gb/08_annotation/SRR11038083/final.contigs_plasmid.gff3
SRR11038083	contig_151	eexN	3928	4206		eexN	EexN family lipoprotein	CDS	bakta	/root/autodl-tmp/abi-real-data/results/metagenomic_plasmid_srr11038083_codex_20260810_12vcpu_62gb/08_annotation/SRR11038083/final.contigs_plasmid.gff3
SRR11038083	contig_152	contig_152	1	8594	+	contig_152	contig_152	region	bakta	/root/autodl-tmp/abi-real-data/results/metagenomic_plasmid_srr11038083_codex_20260810_12vcpu_62gb/08_annotation/SRR11038083/final.contigs_plasmid.gff3
SRR11038083	contig_152	HJHHLH_0385	472	807	+	HJHHLH_0385	Mutator family transposase	CDS	bakta	/root/autodl-tmp/abi-real-data/results/metagenomic_plasmid_srr11038083_codex_20260810_12vcpu_62gb/08_annotation/SRR11038083/final.contigs_plasmid.gff3
SRR11038083	contig_152	tnp	847	1137		tnp	IS3 family ISPye42 transposase ORF A	CDS	bakta	/root/autodl-tmp/abi-real-data/results/metagenomic_plasmid_srr11038083_codex_20260810_12vcpu_62gb/08_annotation/SRR11038083/final.contigs_plasmid.gff3
SRR11038083	contig_152	HJHHLH_0387	1112	1285		HJHHLH_0387	hypothetical protein	CDS	bakta	/root/autodl-tmp/abi-real-data/results/metagenomic_plasmid_srr11038083_codex_20260810_12vcpu_62gb/08_annotation/SRR11038083/final.contigs_plasmid.gff3
SRR11038083	contig_152	HJHHLH_0388	1656	2498	+	HJHHLH_0388	Glycosyltransferase family 2 protein	CDS	bakta	/root/autodl-tmp/abi-real-data/results/metagenomic_plasmid_srr11038083_codex_20260810_12vcpu_62gb/08_annotation/SRR11038083/final.contigs_plasmid.gff3
SRR11038083	contig_152	HJHHLH_0389	2498	3277	+	HJHHLH_0389	Sulfotransferase family protein	CDS	bakta	/root/autodl-tmp/abi-real-data/results/metagenomic_plasmid_srr11038083_codex_20260810_12vcpu_62gb/08_annotation/SRR11038083/final.contigs_plasmid.gff3
SRR11038083	contig_152	HJHHLH_0390	3663	3935	+	HJHHLH_0390	hypothetical protein	CDS	bakta	/root/autodl-tmp/abi-real-data/results/metagenomic_plasmid_srr11038083_codex_20260810_12vcpu_62gb/08_annotation/SRR11038083/final.contigs_plasmid.gff3
SRR11038083	contig_152	HJHHLH_0391	4535	4885	+	HJHHLH_0391	transposase	CDS	bakta	/root/autodl-tmp/abi-real-data/results/metagenomic_plasmid_srr11038083_codex_20260810_12vcpu_62gb/08_annotation/SRR11038083/final.contigs_plasmid.gff3
SRR11038083	contig_152	HJHHLH_0392	4873	5010	+	HJHHLH_0392	Transposase DDE domain-containing protein	CDS	bakta	/root/autodl-tmp/abi-real-data/results/metagenomic_plasmid_srr11038083_codex_20260810_12vcpu_62gb/08_annotation/SRR11038083/final.contigs_plasmid.gff3
SRR11038083	contig_152	HJHHLH_0393	5686	7242	+	HJHHLH_0393	protein rep	CDS	bakta	/root/autodl-tmp/abi-real-data/results/metagenomic_plasmid_srr11038083_codex_20260810_12vcpu_62gb/08_annotation/SRR11038083/final.contigs_plasmid.gff3
SRR11038083	contig_152	HJHHLH_0394	7239	8333	+	HJHHLH_0394	Tyr recombinase domain-containing protein	CDS	bakta	/root/autodl-tmp/abi-real-data/results/metagenomic_plasmid_srr11038083_codex_20260810_12vcpu_62gb/08_annotation/SRR11038083/final.contigs_plasmid.gff3
SRR11038083	contig_152	HJHHLH_0395	8286	8507		HJHHLH_0395	hypothetical protein	CDS	bakta	/root/autodl-tmp/abi-real-data/results/metagenomic_plasmid_srr11038083_codex_20260810_12vcpu_62gb/08_annotation/SRR11038083/final.contigs_plasmid.gff3
SRR11038083	contig_153	contig_153	1	2047	+	contig_153	contig_153	region	bakta	/root/autodl-tmp/abi-real-data/results/metagenomic_plasmid_srr11038083_codex_20260810_12vcpu_62gb/08_annotation/SRR11038083/final.contigs_plasmid.gff3
SRR11038083	contig_153	HJHHLH_0396	9	341	+	HJHHLH_0396	hypothetical protein	CDS	bakta	/root/autodl-tmp/abi-real-data/results/metagenomic_plasmid_srr11038083_codex_20260810_12vcpu_62gb/08_annotation/SRR11038083/final.contigs_plasmid.gff3
SRR11038083	contig_153	HJHHLH_0397	395	712	+	HJHHLH_0397	hypothetical protein	CDS	bakta	/root/autodl-tmp/abi-real-data/results/metagenomic_plasmid_srr11038083_codex_20260810_12vcpu_62gb/08_annotation/SRR11038083/final.contigs_plasmid.gff3
SRR11038083	contig_153	HJHHLH_0398	857	1855	+	HJHHLH_0398	hypothetical protein	CDS	bakta	/root/autodl-tmp/abi-real-data/results/metagenomic_plasmid_srr11038083_codex_20260810_12vcpu_62gb/08_annotation/SRR11038083/final.contigs_plasmid.gff3
SRR11038083	contig_154	contig_154	1	7180	+	contig_154	contig_154	region	bakta	/root/autodl-tmp/abi-real-data/results/metagenomic_plasmid_srr11038083_codex_20260810_12vcpu_62gb/08_annotation/SRR11038083/final.contigs_plasmid.gff3
SRR11038083	contig_154	HJHHLH_0399	15	314		HJHHLH_0399	Type II toxin-antitoxin system antitoxin%2C RelB/DinJ family	CDS	bakta	/root/autodl-tmp/abi-real-data/results/metagenomic_plasmid_srr11038083_codex_20260810_12vcpu_62gb/08_annotation/SRR11038083/final.contigs_plasmid.gff3
SRR11038083	contig_154	HJHHLH_0400	596	958	+	HJHHLH_0400	Bacterial mobilisation domain-containing protein	CDS	bakta	/root/autodl-tmp/abi-real-data/results/metagenomic_plasmid_srr11038083_codex_20260810_12vcpu_62gb/08_annotation/SRR11038083/final.contigs_plasmid.gff3
SRR11038083	contig_154	HJHHLH_0401	958	2472	+	HJHHLH_0401	relaxase/mobilization nuclease domain-containing protein	CDS	bakta	/root/autodl-tmp/abi-real-data/results/metagenomic_plasmid_srr11038083_codex_20260810_12vcpu_62gb/08_annotation/SRR11038083/final.contigs_plasmid.gff3
SRR11038083	contig_154	HJHHLH_0402	2667	2999	+	HJHHLH_0402	Transcriptional regulator	CDS	bakta	/root/autodl-tmp/abi-real-data/results/metagenomic_plasmid_srr11038083_codex_20260810_12vcpu_62gb/08_annotation/SRR11038083/final.contigs_plasmid.gff3
SRR11038083	contig_154	arsB	3016	4092	+	arsB	ACR3 family arsenite efflux transporter	CDS	bakta	/root/autodl-tmp/abi-real-data/results/metagenomic_plasmid_srr11038083_codex_20260810_12vcpu_62gb/08_annotation/SRR11038083/final.contigs_plasmid.gff3
SRR11038083	contig_154	arsC	4089	4505	+	arsC	arsenate reductase (glutaredoxin)	CDS	bakta	/root/autodl-tmp/abi-real-data/results/metagenomic_plasmid_srr11038083_codex_20260810_12vcpu_62gb/08_annotation/SRR11038083/final.contigs_plasmid.gff3
SRR11038083	contig_154	arsH	4498	5214	+	arsH	arsenical resistance protein ArsH	CDS	bakta	/root/autodl-tmp/abi-real-data/results/metagenomic_plasmid_srr11038083_codex_20260810_12vcpu_62gb/08_annotation/SRR11038083/final.contigs_plasmid.gff3
SRR11038083	contig_154	HJHHLH_0406	5276	5671		HJHHLH_0406	Helix-turn-helix domain-containing protein	CDS	bakta	/root/autodl-tmp/abi-real-data/results/metagenomic_plasmid_srr11038083_codex_20260810_12vcpu_62gb/08_annotation/SRR11038083/final.contigs_plasmid.gff3
SRR11038083	contig_154	HJHHLH_0407	5749	6483		HJHHLH_0407	HTH marR-type domain-containing protein	CDS	bakta	/root/autodl-tmp/abi-real-data/results/metagenomic_plasmid_srr11038083_codex_20260810_12vcpu_62gb/08_annotation/SRR11038083/final.contigs_plasmid.gff3
SRR11038083	contig_154	HJHHLH_0408	6792	7067		HJHHLH_0408	Addiction module antitoxin	CDS	bakta	/root/autodl-tmp/abi-real-data/results/metagenomic_plasmid_srr11038083_codex_20260810_12vcpu_62gb/08_annotation/SRR11038083/final.contigs_plasmid.gff3
SRR11038083	contig_155	contig_155	1	3094	+	contig_155	contig_155	region	bakta	/root/autodl-tmp/abi-real-data/results/metagenomic_plasmid_srr11038083_codex_20260810_12vcpu_62gb/08_annotation/SRR11038083/final.contigs_plasmid.gff3
SRR11038083	contig_155	HJHHLH_0409	342	797		HJHHLH_0409	hypothetical protein	CDS	bakta	/root/autodl-tmp/abi-real-data/results/metagenomic_plasmid_srr11038083_codex_20260810_12vcpu_62gb/08_annotation/SRR11038083/final.contigs_plasmid.gff3
SRR11038083	contig_155	mobV	1035	2015	+	mobV	MobV family relaxase	CDS	bakta	/root/autodl-tmp/abi-real-data/results/metagenomic_plasmid_srr11038083_codex_20260810_12vcpu_62gb/08_annotation/SRR11038083/final.contigs_plasmid.gff3
SRR11038083	contig_155	HJHHLH_0411	2261	2461		HJHHLH_0411	hypothetical protein	CDS	bakta	/root/autodl-tmp/abi-real-data/results/metagenomic_plasmid_srr11038083_codex_20260810_12vcpu_62gb/08_annotation/SRR11038083/final.contigs_plasmid.gff3
SRR11038083	contig_155	HJHHLH_0412	2464	3084		HJHHLH_0412	helix-turn-helix domain-containing protein	CDS	bakta	/root/autodl-tmp/abi-real-data/results/metagenomic_plasmid_srr11038083_codex_20260810_12vcpu_62gb/08_annotation/SRR11038083/final.contigs_plasmid.gff3
SRR11038083	contig_156	contig_156	1	6373	+	contig_156	contig_156	region	bakta	/root/autodl-tmp/abi-real-data/results/metagenomic_plasmid_srr11038083_codex_20260810_12vcpu_62gb/08_annotation/SRR11038083/final.contigs_plasmid.gff3
SRR11038083	contig_156	HJHHLH_0413	19	1077	+	HJHHLH_0413	hypothetical protein	CDS	bakta	/root/autodl-tmp/abi-real-data/results/metagenomic_plasmid_srr11038083_codex_20260810_12vcpu_62gb/08_annotation/SRR11038083/final.contigs_plasmid.gff3
SRR11038083	contig_156	lspA	1079	1558		lspA	signal peptidase II	CDS	bakta	/root/autodl-tmp/abi-real-data/results/metagenomic_plasmid_srr11038083_codex_20260810_12vcpu_62gb/08_annotation/SRR11038083/final.contigs_plasmid.gff3
SRR11038083	contig_156	HJHHLH_0415	1555	2424		HJHHLH_0415	Cation transporter	CDS	bakta	/root/autodl-tmp/abi-real-data/results/metagenomic_plasmid_srr11038083_codex_20260810_12vcpu_62gb/08_annotation/SRR11038083/final.contigs_plasmid.gff3
SRR11038083	contig_156	zntR	2493	2933	+	zntR	HTH-type transcriptional regulator ZntR	CDS	bakta	/root/autodl-tmp/abi-real-data/results/metagenomic_plasmid_srr11038083_codex_20260810_12vcpu_62gb/08_annotation/SRR11038083/final.contigs_plasmid.gff3
SRR11038083	contig_156	HJHHLH_0417	2956	3351		HJHHLH_0417	Recombinase	CDS	bakta	/root/autodl-tmp/abi-real-data/results/metagenomic_plasmid_srr11038083_codex_20260810_12vcpu_62gb/08_annotation/SRR11038083/final.contigs_plasmid.gff3
SRR11038083	contig_156	HJHHLH_0418	3429	4163		HJHHLH_0418	winged helix DNA-binding protein	CDS	bakta	/root/autodl-tmp/abi-real-data/results/metagenomic_plasmid_srr11038083_codex_20260810_12vcpu_62gb/08_annotation/SRR11038083/final.contigs_plasmid.gff3
SRR11038083	contig_156	HJHHLH_0419	4470	4877		HJHHLH_0419	DUF2442 domain-containing protein	CDS	bakta	/root/autodl-tmp/abi-real-data/results/metagenomic_plasmid_srr11038083_codex_20260810_12vcpu_62gb/08_annotation/SRR11038083/final.contigs_plasmid.gff3
SRR11038083	contig_156	HJHHLH_0420	4864	5112		HJHHLH_0420	DUF4160 domain-containing protein	CDS	bakta	/root/autodl-tmp/abi-real-data/results/metagenomic_plasmid_srr11038083_codex_20260810_12vcpu_62gb/08_annotation/SRR11038083/final.contigs_plasmid.gff3
SRR11038083	contig_156	HJHHLH_0421	5149	5406	+	HJHHLH_0421	hypothetical protein	CDS	bakta	/root/autodl-tmp/abi-real-data/results/metagenomic_plasmid_srr11038083_codex_20260810_12vcpu_62gb/08_annotation/SRR11038083/final.contigs_plasmid.gff3
SRR11038083	contig_156	mobC	5406	5768	+	mobC	Plasmid mobilization relaxosome protein MobC	CDS	bakta	/root/autodl-tmp/abi-real-data/results/metagenomic_plasmid_srr11038083_codex_20260810_12vcpu_62gb/08_annotation/SRR11038083/final.contigs_plasmid.gff3
SRR11038083	contig_156	HJHHLH_0423	5926	6363	+	HJHHLH_0423	hypothetical protein	CDS	bakta	/root/autodl-tmp/abi-real-data/results/metagenomic_plasmid_srr11038083_codex_20260810_12vcpu_62gb/08_annotation/SRR11038083/final.contigs_plasmid.gff3
SRR11038083	k141_1082 flag=3 multi=491.2337 len=2242	Col(BS512)	1479..1711			Col(BS512)	plasmid replicon	replicon	plasmidfinder	/root/autodl-tmp/abi-real-data/results/metagenomic_plasmid_srr11038083_codex_20260810_12vcpu_62gb/06_plasmid_typing/SRR11038083/results_tab.tsv
SRR11038083	k141_967 flag=1 multi=338.0000 len=2017	Col(MG828)	1644..1846			Col(MG828)	plasmid replicon	replicon	plasmidfinder	/root/autodl-tmp/abi-real-data/results/metagenomic_plasmid_srr11038083_codex_20260810_12vcpu_62gb/06_plasmid_typing/SRR11038083/results_tab.tsv
SRR11038083	k141_1053 flag=3 multi=286.1570 len=1963	Col(MG828)	1262..1514			Col(MG828)	plasmid replicon	replicon	plasmidfinder	/root/autodl-tmp/abi-real-data/results/metagenomic_plasmid_srr11038083_codex_20260810_12vcpu_62gb/06_plasmid_typing/SRR11038083/results_tab.tsv
SRR11038083	k141_241 flag=1 multi=137.1930 len=1680	Col(MG828)	70..331			Col(MG828)	plasmid replicon	replicon	plasmidfinder	/root/autodl-tmp/abi-real-data/results/metagenomic_plasmid_srr11038083_codex_20260810_12vcpu_62gb/06_plasmid_typing/SRR11038083/results_tab.tsv
SRR11038083	k141_775 flag=1 multi=120.0000 len=6157	Col(pHAD28)	413..543			Col(pHAD28)	plasmid replicon	replicon	plasmidfinder	/root/autodl-tmp/abi-real-data/results/metagenomic_plasmid_srr11038083_codex_20260810_12vcpu_62gb/06_plasmid_typing/SRR11038083/results_tab.tsv
SRR11038083	k141_880 flag=1 multi=11.0000 len=5285	Col156	540..693			Col156	plasmid replicon	replicon	plasmidfinder	/root/autodl-tmp/abi-real-data/results/metagenomic_plasmid_srr11038083_codex_20260810_12vcpu_62gb/06_plasmid_typing/SRR11038083/results_tab.tsv
SRR11038083	k141_368 flag=1 multi=577.6337 len=6695	ColpVC	2875..3067			ColpVC	plasmid replicon	replicon	plasmidfinder	/root/autodl-tmp/abi-real-data/results/metagenomic_plasmid_srr11038083_codex_20260810_12vcpu_62gb/06_plasmid_typing/SRR11038083/results_tab.tsv
SRR11038083	k141_368 flag=1 multi=577.6337 len=6695	ColpVC	892..1084			ColpVC	plasmid replicon	replicon	plasmidfinder	/root/autodl-tmp/abi-real-data/results/metagenomic_plasmid_srr11038083_codex_20260810_12vcpu_62gb/06_plasmid_typing/SRR11038083/results_tab.tsv
SRR11038083	k141_524 flag=3 multi=10090.1272 len=2893	repUS2	1410..2089			repUS2	plasmid replicon	replicon	plasmidfinder	/root/autodl-tmp/abi-real-data/results/metagenomic_plasmid_srr11038083_codex_20260810_12vcpu_62gb/06_plasmid_typing/SRR11038083/results_tab.tsv
